"","country","year","column","cases"
"1","AD",2000,"m014",0
"2","AD",2000,"m1524",0
"3","AD",2000,"m2534",1
"4","AD",2000,"m3544",0
"5","AD",2000,"m4554",0
"6","AD",2000,"m5564",0
"7","AD",2000,"m65",0
"8","AE",2000,"m014",2
"9","AE",2000,"m1524",4
"10","AE",2000,"m2534",4
"11","AE",2000,"m3544",6
"12","AE",2000,"m4554",5
"13","AE",2000,"m5564",12
"14","AE",2000,"m65",10
"15","AE",2000,"f014",3
"16","AE",2000,"f1524",16
"17","AE",2000,"f2534",1
"18","AE",2000,"f3544",3
"19","AE",2000,"f4554",0
"20","AE",2000,"f5564",0
"21","AE",2000,"f65",4
"22","AF",2000,"m014",52
"23","AF",2000,"m1524",228
"24","AF",2000,"m2534",183
"25","AF",2000,"m3544",149
"26","AF",2000,"m4554",129
"27","AF",2000,"m5564",94
"28","AF",2000,"m65",80
"29","AF",2000,"f014",93
"30","AF",2000,"f1524",414
"31","AF",2000,"f2534",565
"32","AF",2000,"f3544",339
"33","AF",2000,"f4554",205
"34","AF",2000,"f5564",99
"35","AF",2000,"f65",36
"36","AG",2000,"m014",0
"37","AG",2000,"m1524",0
"38","AG",2000,"m2534",0
"39","AG",2000,"m3544",0
"40","AG",2000,"m4554",0
"41","AG",2000,"m5564",0
"42","AG",2000,"m65",1
"43","AG",2000,"f014",1
"44","AG",2000,"f1524",1
"45","AG",2000,"f2534",1
"46","AG",2000,"f3544",0
"47","AG",2000,"f4554",0
"48","AG",2000,"f5564",0
"49","AG",2000,"f65",0
"50","AL",2000,"m014",2
"51","AL",2000,"m1524",19
"52","AL",2000,"m2534",21
"53","AL",2000,"m3544",14
"54","AL",2000,"m4554",24
"55","AL",2000,"m5564",19
"56","AL",2000,"m65",16
"57","AL",2000,"f014",3
"58","AL",2000,"f1524",11
"59","AL",2000,"f2534",10
"60","AL",2000,"f3544",8
"61","AL",2000,"f4554",8
"62","AL",2000,"f5564",5
"63","AL",2000,"f65",11
"64","AM",2000,"m014",2
"65","AM",2000,"m1524",152
"66","AM",2000,"m2534",130
"67","AM",2000,"m3544",131
"68","AM",2000,"m4554",63
"69","AM",2000,"m5564",26
"70","AM",2000,"m65",21
"71","AM",2000,"f014",1
"72","AM",2000,"f1524",24
"73","AM",2000,"f2534",27
"74","AM",2000,"f3544",24
"75","AM",2000,"f4554",8
"76","AM",2000,"f5564",8
"77","AM",2000,"f65",4
"78","AN",2000,"m014",0
"79","AN",2000,"m1524",0
"80","AN",2000,"m2534",1
"81","AN",2000,"m3544",2
"82","AN",2000,"m4554",0
"83","AN",2000,"m5564",0
"84","AN",2000,"m65",0
"85","AN",2000,"f014",0
"86","AN",2000,"f1524",0
"87","AN",2000,"f2534",1
"88","AN",2000,"f3544",0
"89","AN",2000,"f4554",0
"90","AN",2000,"f5564",1
"91","AN",2000,"f65",0
"92","AO",2000,"m014",186
"93","AO",2000,"m1524",999
"94","AO",2000,"m2534",1003
"95","AO",2000,"m3544",912
"96","AO",2000,"m4554",482
"97","AO",2000,"m5564",312
"98","AO",2000,"m65",194
"99","AO",2000,"f014",247
"100","AO",2000,"f1524",1142
"101","AO",2000,"f2534",1091
"102","AO",2000,"f3544",844
"103","AO",2000,"f4554",417
"104","AO",2000,"f5564",200
"105","AO",2000,"f65",120
"106","AR",2000,"m014",97
"107","AR",2000,"m1524",278
"108","AR",2000,"m2534",594
"109","AR",2000,"m3544",402
"110","AR",2000,"m4554",419
"111","AR",2000,"m5564",368
"112","AR",2000,"m65",330
"113","AR",2000,"f014",121
"114","AR",2000,"f1524",544
"115","AR",2000,"f2534",479
"116","AR",2000,"f3544",262
"117","AR",2000,"f4554",230
"118","AR",2000,"f5564",179
"119","AR",2000,"f65",216
"120","AS",2000,"m4554",1
"121","AS",2000,"m5564",1
"122","AS",2000,"f4554",1
"123","AT",2000,"m014",1
"124","AT",2000,"m1524",17
"125","AT",2000,"m2534",30
"126","AT",2000,"m3544",59
"127","AT",2000,"m4554",42
"128","AT",2000,"m5564",23
"129","AT",2000,"m65",41
"130","AT",2000,"f014",1
"131","AT",2000,"f1524",11
"132","AT",2000,"f2534",22
"133","AT",2000,"f3544",12
"134","AT",2000,"f4554",11
"135","AT",2000,"f5564",6
"136","AT",2000,"f65",22
"137","AU",2000,"m014",3
"138","AU",2000,"m1524",16
"139","AU",2000,"m2534",35
"140","AU",2000,"m3544",25
"141","AU",2000,"m4554",24
"142","AU",2000,"m5564",19
"143","AU",2000,"m65",49
"144","AU",2000,"f014",0
"145","AU",2000,"f1524",15
"146","AU",2000,"f2534",19
"147","AU",2000,"f3544",12
"148","AU",2000,"f4554",15
"149","AU",2000,"f5564",5
"150","AU",2000,"f65",14
"151","AZ",2000,"m014",0
"152","AZ",2000,"m1524",9
"153","AZ",2000,"m2534",24
"154","AZ",2000,"m3544",33
"155","AZ",2000,"m4554",42
"156","AZ",2000,"m5564",30
"157","AZ",2000,"m65",0
"158","AZ",2000,"f014",0
"159","AZ",2000,"f1524",3
"160","AZ",2000,"f2534",3
"161","AZ",2000,"f3544",6
"162","AZ",2000,"f4554",3
"163","AZ",2000,"f5564",0
"164","AZ",2000,"f65",0
"165","BA",2000,"m014",4
"166","BA",2000,"m1524",56
"167","BA",2000,"m2534",82
"168","BA",2000,"m3544",99
"169","BA",2000,"m4554",66
"170","BA",2000,"m5564",58
"171","BA",2000,"m65",77
"172","BA",2000,"f014",4
"173","BA",2000,"f1524",30
"174","BA",2000,"f2534",46
"175","BA",2000,"f3544",29
"176","BA",2000,"f4554",29
"177","BA",2000,"f5564",48
"178","BA",2000,"f65",124
"179","BB",2000,"m014",0
"180","BB",2000,"m1524",0
"181","BB",2000,"m2534",0
"182","BB",2000,"m3544",2
"183","BB",2000,"m4554",0
"184","BB",2000,"m5564",0
"185","BB",2000,"m65",0
"186","BB",2000,"f014",0
"187","BB",2000,"f1524",0
"188","BB",2000,"f2534",1
"189","BB",2000,"f3544",0
"190","BB",2000,"f4554",0
"191","BB",2000,"f5564",0
"192","BB",2000,"f65",0
"193","BD",2000,"m014",256
"194","BD",2000,"m1524",3640
"195","BD",2000,"m2534",5643
"196","BD",2000,"m3544",5750
"197","BD",2000,"m4554",4718
"198","BD",2000,"m5564",3667
"199","BD",2000,"m65",2837
"200","BD",2000,"f014",495
"201","BD",2000,"f1524",3029
"202","BD",2000,"f2534",3238
"203","BD",2000,"f3544",2247
"204","BD",2000,"f4554",1315
"205","BD",2000,"f5564",778
"206","BD",2000,"f65",370
"207","BE",2000,"m014",3
"208","BE",2000,"m1524",20
"209","BE",2000,"m2534",57
"210","BE",2000,"m3544",39
"211","BE",2000,"m4554",55
"212","BE",2000,"m5564",32
"213","BE",2000,"m65",56
"214","BE",2000,"f014",6
"215","BE",2000,"f1524",15
"216","BE",2000,"f2534",15
"217","BE",2000,"f3544",19
"218","BE",2000,"f4554",4
"219","BE",2000,"f5564",13
"220","BE",2000,"f65",27
"221","BF",2000,"m014",12
"222","BF",2000,"m1524",91
"223","BF",2000,"m2534",274
"224","BF",2000,"m3544",252
"225","BF",2000,"m4554",133
"226","BF",2000,"m5564",68
"227","BF",2000,"m65",65
"228","BF",2000,"f014",7
"229","BF",2000,"f1524",59
"230","BF",2000,"f2534",128
"231","BF",2000,"f3544",101
"232","BF",2000,"f4554",45
"233","BF",2000,"f5564",38
"234","BF",2000,"f65",14
"235","BG",2000,"m014",0
"236","BG",2000,"m1524",13
"237","BG",2000,"m2534",16
"238","BG",2000,"m3544",20
"239","BG",2000,"m4554",3
"240","BG",2000,"m5564",9
"241","BG",2000,"m65",10
"242","BG",2000,"f014",0
"243","BG",2000,"f1524",11
"244","BG",2000,"f2534",14
"245","BG",2000,"f3544",7
"246","BG",2000,"f4554",3
"247","BG",2000,"f5564",4
"248","BG",2000,"f65",6
"249","BH",2000,"m014",0
"250","BH",2000,"m1524",0
"251","BH",2000,"m2534",3
"252","BH",2000,"m3544",2
"253","BH",2000,"m4554",5
"254","BH",2000,"m5564",3
"255","BH",2000,"m65",4
"256","BH",2000,"f014",0
"257","BH",2000,"f1524",1
"258","BH",2000,"f2534",2
"259","BH",2000,"f3544",0
"260","BH",2000,"f4554",1
"261","BH",2000,"f5564",1
"262","BH",2000,"f65",1
"263","BJ",2000,"m014",19
"264","BJ",2000,"m1524",277
"265","BJ",2000,"m2534",428
"266","BJ",2000,"m3544",327
"267","BJ",2000,"m4554",213
"268","BJ",2000,"m5564",103
"269","BJ",2000,"m65",74
"270","BJ",2000,"f014",36
"271","BJ",2000,"f1524",239
"272","BJ",2000,"f2534",275
"273","BJ",2000,"f3544",149
"274","BJ",2000,"f4554",76
"275","BJ",2000,"f5564",45
"276","BJ",2000,"f65",25
"277","BN",2000,"m014",0
"278","BN",2000,"m1524",6
"279","BN",2000,"m2534",4
"280","BN",2000,"m3544",15
"281","BN",2000,"m4554",5
"282","BN",2000,"m5564",7
"283","BN",2000,"m65",15
"284","BN",2000,"f014",0
"285","BN",2000,"f1524",4
"286","BN",2000,"f2534",6
"287","BN",2000,"f3544",9
"288","BN",2000,"f4554",6
"289","BN",2000,"f5564",3
"290","BN",2000,"f65",4
"291","BO",2000,"m014",166
"292","BO",2000,"m1524",1182
"293","BO",2000,"m2534",797
"294","BO",2000,"m3544",518
"295","BO",2000,"m4554",466
"296","BO",2000,"m5564",340
"297","BO",2000,"m65",366
"298","BO",2000,"f014",191
"299","BO",2000,"f1524",831
"300","BO",2000,"f2534",588
"301","BO",2000,"f3544",334
"302","BO",2000,"f4554",254
"303","BO",2000,"f5564",192
"304","BO",2000,"f65",233
"305","BR",2000,"m014",1894
"306","BR",2000,"m1524",7268
"307","BR",2000,"m2534",11568
"308","BR",2000,"m3544",11906
"309","BR",2000,"m4554",8623
"310","BR",2000,"m5564",5085
"311","BR",2000,"m65",4494
"312","BR",2000,"f014",1859
"313","BR",2000,"f1524",6719
"314","BR",2000,"f2534",7215
"315","BR",2000,"f3544",5395
"316","BR",2000,"f4554",3582
"317","BR",2000,"f5564",2384
"318","BR",2000,"f65",2496
"319","BS",2000,"m014",1
"320","BS",2000,"m1524",2
"321","BS",2000,"m2534",7
"322","BS",2000,"m3544",9
"323","BS",2000,"m4554",4
"324","BS",2000,"m5564",3
"325","BS",2000,"m65",2
"326","BS",2000,"f014",2
"327","BS",2000,"f1524",5
"328","BS",2000,"f2534",7
"329","BS",2000,"f3544",8
"330","BS",2000,"f4554",2
"331","BS",2000,"f5564",3
"332","BS",2000,"f65",1
"333","BT",2000,"m014",6
"334","BT",2000,"m1524",65
"335","BT",2000,"m2534",41
"336","BT",2000,"m3544",30
"337","BT",2000,"m4554",24
"338","BT",2000,"m5564",12
"339","BT",2000,"m65",2
"340","BT",2000,"f014",7
"341","BT",2000,"f1524",57
"342","BT",2000,"f2534",34
"343","BT",2000,"f3544",31
"344","BT",2000,"f4554",23
"345","BT",2000,"f5564",3
"346","BT",2000,"f65",2
"347","BW",2000,"m014",25
"348","BW",2000,"m1524",185
"349","BW",2000,"m2534",605
"350","BW",2000,"m3544",488
"351","BW",2000,"m4554",267
"352","BW",2000,"m5564",135
"353","BW",2000,"m65",96
"354","BW",2000,"f014",37
"355","BW",2000,"f1524",335
"356","BW",2000,"f2534",469
"357","BW",2000,"f3544",262
"358","BW",2000,"f4554",98
"359","BW",2000,"f5564",57
"360","BW",2000,"f65",36
"361","BZ",2000,"m014",2
"362","BZ",2000,"m1524",5
"363","BZ",2000,"m2534",7
"364","BZ",2000,"m3544",2
"365","BZ",2000,"m4554",6
"366","BZ",2000,"m5564",3
"367","BZ",2000,"m65",5
"368","BZ",2000,"f014",0
"369","BZ",2000,"f1524",2
"370","BZ",2000,"f2534",1
"371","BZ",2000,"f3544",2
"372","BZ",2000,"f4554",4
"373","BZ",2000,"f5564",1
"374","BZ",2000,"f65",4
"375","CA",2000,"m014",5
"376","CA",2000,"m1524",34
"377","CA",2000,"m2534",45
"378","CA",2000,"m3544",46
"379","CA",2000,"m4554",41
"380","CA",2000,"m5564",32
"381","CA",2000,"m65",79
"382","CA",2000,"f014",4
"383","CA",2000,"f1524",33
"384","CA",2000,"f2534",40
"385","CA",2000,"f3544",30
"386","CA",2000,"f4554",25
"387","CA",2000,"f5564",12
"388","CA",2000,"f65",66
"389","CD",2000,"m014",485
"390","CD",2000,"m1524",4048
"391","CD",2000,"m2534",5833
"392","CD",2000,"m3544",4151
"393","CD",2000,"m4554",2549
"394","CD",2000,"m5564",1295
"395","CD",2000,"m65",602
"396","CD",2000,"f014",718
"397","CD",2000,"f1524",4422
"398","CD",2000,"f2534",5146
"399","CD",2000,"f3544",3309
"400","CD",2000,"f4554",1724
"401","CD",2000,"f5564",855
"402","CD",2000,"f65",351
"403","CH",2000,"m014",0
"404","CH",2000,"m1524",5
"405","CH",2000,"m2534",18
"406","CH",2000,"m3544",10
"407","CH",2000,"m4554",7
"408","CH",2000,"m5564",5
"409","CH",2000,"m65",8
"410","CH",2000,"f014",1
"411","CH",2000,"f1524",9
"412","CH",2000,"f2534",12
"413","CH",2000,"f3544",8
"414","CH",2000,"f4554",2
"415","CH",2000,"f5564",1
"416","CH",2000,"f65",6
"417","CK",2000,"m014",0
"418","CK",2000,"m1524",0
"419","CK",2000,"m2534",0
"420","CK",2000,"m3544",0
"421","CK",2000,"m4554",0
"422","CK",2000,"m5564",0
"423","CK",2000,"m65",0
"424","CK",2000,"f014",0
"425","CK",2000,"f1524",0
"426","CK",2000,"f2534",0
"427","CK",2000,"f3544",0
"428","CK",2000,"f4554",0
"429","CK",2000,"f5564",0
"430","CK",2000,"f65",0
"431","CL",2000,"m014",6
"432","CL",2000,"m1524",81
"433","CL",2000,"m2534",160
"434","CL",2000,"m3544",198
"435","CL",2000,"m4554",150
"436","CL",2000,"m5564",132
"437","CL",2000,"m65",126
"438","CL",2000,"f014",10
"439","CL",2000,"f1524",66
"440","CL",2000,"f2534",96
"441","CL",2000,"f3544",70
"442","CL",2000,"f4554",54
"443","CL",2000,"f5564",58
"444","CL",2000,"f65",83
"445","CM",2000,"m014",41
"446","CM",2000,"m1524",518
"447","CM",2000,"m2534",842
"448","CM",2000,"m3544",584
"449","CM",2000,"m4554",284
"450","CM",2000,"m5564",130
"451","CM",2000,"m65",75
"452","CM",2000,"f014",63
"453","CM",2000,"f1524",368
"454","CM",2000,"f2534",530
"455","CM",2000,"f3544",293
"456","CM",2000,"f4554",139
"457","CM",2000,"f5564",60
"458","CM",2000,"f65",33
"459","CN",2000,"m014",1131
"460","CN",2000,"m1524",19111
"461","CN",2000,"m2534",29399
"462","CN",2000,"m3544",25206
"463","CN",2000,"m4554",25593
"464","CN",2000,"m5564",21429
"465","CN",2000,"m65",21771
"466","CN",2000,"f014",1420
"467","CN",2000,"f1524",14536
"468","CN",2000,"f2534",18496
"469","CN",2000,"f3544",12377
"470","CN",2000,"f4554",9899
"471","CN",2000,"f5564",7102
"472","CN",2000,"f65",6296
"473","CO",2000,"m014",246
"474","CO",2000,"m1524",763
"475","CO",2000,"m2534",1030
"476","CO",2000,"m3544",963
"477","CO",2000,"m4554",743
"478","CO",2000,"m5564",610
"479","CO",2000,"m65",746
"480","CO",2000,"f014",194
"481","CO",2000,"f1524",587
"482","CO",2000,"f2534",758
"483","CO",2000,"f3544",523
"484","CO",2000,"f4554",381
"485","CO",2000,"f5564",304
"486","CO",2000,"f65",510
"487","CR",2000,"m014",14
"488","CR",2000,"m1524",31
"489","CR",2000,"m2534",53
"490","CR",2000,"m3544",62
"491","CR",2000,"m4554",39
"492","CR",2000,"m5564",28
"493","CR",2000,"m65",49
"494","CR",2000,"f014",13
"495","CR",2000,"f1524",21
"496","CR",2000,"f2534",33
"497","CR",2000,"f3544",24
"498","CR",2000,"f4554",20
"499","CR",2000,"f5564",23
"500","CR",2000,"f65",24
"501","CU",2000,"m014",0
"502","CU",2000,"m1524",71
"503","CU",2000,"m2534",167
"504","CU",2000,"m3544",90
"505","CU",2000,"m4554",74
"506","CU",2000,"m5564",55
"507","CU",2000,"m65",75
"508","CU",2000,"f014",2
"509","CU",2000,"f1524",9
"510","CU",2000,"f2534",22
"511","CU",2000,"f3544",26
"512","CU",2000,"f4554",22
"513","CU",2000,"f5564",23
"514","CU",2000,"f65",39
"515","CZ",2000,"m014",0
"516","CZ",2000,"m1524",7
"517","CZ",2000,"m2534",31
"518","CZ",2000,"m3544",52
"519","CZ",2000,"m4554",89
"520","CZ",2000,"m5564",61
"521","CZ",2000,"m65",59
"522","CZ",2000,"f014",0
"523","CZ",2000,"f1524",15
"524","CZ",2000,"f2534",13
"525","CZ",2000,"f3544",9
"526","CZ",2000,"f4554",10
"527","CZ",2000,"f5564",7
"528","CZ",2000,"f65",57
"529","DJ",2000,"m014",17
"530","DJ",2000,"m1524",302
"531","DJ",2000,"m2534",347
"532","DJ",2000,"m3544",139
"533","DJ",2000,"m4554",67
"534","DJ",2000,"m5564",60
"535","DJ",2000,"m65",42
"536","DJ",2000,"f014",12
"537","DJ",2000,"f1524",147
"538","DJ",2000,"f2534",156
"539","DJ",2000,"f3544",47
"540","DJ",2000,"f4554",31
"541","DJ",2000,"f5564",17
"542","DJ",2000,"f65",10
"543","DK",2000,"m014",5
"544","DK",2000,"m1524",10
"545","DK",2000,"m2534",20
"546","DK",2000,"m3544",24
"547","DK",2000,"m4554",16
"548","DK",2000,"m5564",11
"549","DK",2000,"m65",14
"550","DK",2000,"f014",5
"551","DK",2000,"f1524",16
"552","DK",2000,"f2534",15
"553","DK",2000,"f3544",14
"554","DK",2000,"f4554",6
"555","DK",2000,"f5564",7
"556","DK",2000,"f65",8
"557","DO",2000,"m014",73
"558","DO",2000,"m1524",410
"559","DO",2000,"m2534",481
"560","DO",2000,"m3544",344
"561","DO",2000,"m4554",173
"562","DO",2000,"m5564",125
"563","DO",2000,"m65",113
"564","DO",2000,"f014",65
"565","DO",2000,"f1524",317
"566","DO",2000,"f2534",325
"567","DO",2000,"f3544",212
"568","DO",2000,"f4554",115
"569","DO",2000,"f5564",79
"570","DO",2000,"f65",75
"571","DZ",2000,"m014",59
"572","DZ",2000,"m1524",927
"573","DZ",2000,"m2534",1516
"574","DZ",2000,"m3544",610
"575","DZ",2000,"m4554",491
"576","DZ",2000,"m5564",234
"577","DZ",2000,"m65",299
"578","DZ",2000,"f014",36
"579","DZ",2000,"f1524",1005
"580","DZ",2000,"f2534",1293
"581","DZ",2000,"f3544",746
"582","DZ",2000,"f4554",314
"583","DZ",2000,"f5564",208
"584","DZ",2000,"f65",312
"585","EE",2000,"m014",0
"586","EE",2000,"m1524",6
"587","EE",2000,"m2534",31
"588","EE",2000,"m3544",53
"589","EE",2000,"m4554",56
"590","EE",2000,"m5564",35
"591","EE",2000,"m65",15
"592","EE",2000,"f014",0
"593","EE",2000,"f1524",9
"594","EE",2000,"f2534",11
"595","EE",2000,"f3544",14
"596","EE",2000,"f4554",11
"597","EE",2000,"f5564",4
"598","EE",2000,"f65",10
"599","EG",2000,"m014",21
"600","EG",2000,"m1524",641
"601","EG",2000,"m2534",827
"602","EG",2000,"m3544",667
"603","EG",2000,"m4554",476
"604","EG",2000,"m5564",307
"605","EG",2000,"m65",158
"606","EG",2000,"f014",55
"607","EG",2000,"f1524",457
"608","EG",2000,"f2534",343
"609","EG",2000,"f3544",257
"610","EG",2000,"f4554",211
"611","EG",2000,"f5564",112
"612","EG",2000,"f65",48
"613","ER",2000,"m014",9
"614","ER",2000,"m1524",70
"615","ER",2000,"m2534",75
"616","ER",2000,"m3544",57
"617","ER",2000,"m4554",32
"618","ER",2000,"m5564",25
"619","ER",2000,"m65",20
"620","ER",2000,"f014",10
"621","ER",2000,"f1524",100
"622","ER",2000,"f2534",87
"623","ER",2000,"f3544",71
"624","ER",2000,"f4554",21
"625","ER",2000,"f5564",12
"626","ER",2000,"f65",8
"627","ET",2000,"m014",915
"628","ET",2000,"m1524",5095
"629","ET",2000,"m2534",5187
"630","ET",2000,"m3544",3082
"631","ET",2000,"m4554",1495
"632","ET",2000,"m5564",610
"633","ET",2000,"m65",397
"634","ET",2000,"f014",1037
"635","ET",2000,"f1524",4699
"636","ET",2000,"f2534",4424
"637","ET",2000,"f3544",2105
"638","ET",2000,"f4554",976
"639","ET",2000,"f5564",366
"640","ET",2000,"f65",122
"641","FI",2000,"m014",0
"642","FI",2000,"m1524",3
"643","FI",2000,"m2534",8
"644","FI",2000,"m3544",22
"645","FI",2000,"m4554",19
"646","FI",2000,"m5564",28
"647","FI",2000,"m65",53
"648","FI",2000,"f014",0
"649","FI",2000,"f1524",1
"650","FI",2000,"f2534",5
"651","FI",2000,"f3544",3
"652","FI",2000,"f4554",4
"653","FI",2000,"f5564",6
"654","FI",2000,"f65",49
"655","FJ",2000,"m014",0
"656","FJ",2000,"m1524",8
"657","FJ",2000,"m2534",6
"658","FJ",2000,"m3544",13
"659","FJ",2000,"m4554",5
"660","FJ",2000,"m5564",4
"661","FJ",2000,"m65",2
"662","FJ",2000,"f014",0
"663","FJ",2000,"f1524",7
"664","FJ",2000,"f2534",5
"665","FJ",2000,"f3544",7
"666","FJ",2000,"f4554",1
"667","FJ",2000,"f5564",4
"668","FJ",2000,"f65",0
"669","FM",2000,"m014",0
"670","FM",2000,"m1524",2
"671","FM",2000,"m2534",0
"672","FM",2000,"m3544",1
"673","FM",2000,"m4554",0
"674","FM",2000,"m5564",0
"675","FM",2000,"m65",1
"676","FM",2000,"f014",4
"677","FM",2000,"f1524",3
"678","FM",2000,"f2534",1
"679","FM",2000,"f3544",1
"680","FM",2000,"f4554",0
"681","FM",2000,"f5564",1
"682","FM",2000,"f65",1
"683","FR",2000,"m014",10
"684","FR",2000,"m1524",136
"685","FR",2000,"m2534",248
"686","FR",2000,"m3544",247
"687","FR",2000,"m4554",211
"688","FR",2000,"m5564",125
"689","FR",2000,"m65",244
"690","FR",2000,"f014",18
"691","FR",2000,"f1524",108
"692","FR",2000,"f2534",127
"693","FR",2000,"f3544",89
"694","FR",2000,"f4554",46
"695","FR",2000,"f5564",43
"696","FR",2000,"f65",155
"697","GB",2000,"m014",8
"698","GB",2000,"m1524",86
"699","GB",2000,"m2534",130
"700","GB",2000,"m3544",96
"701","GB",2000,"m4554",87
"702","GB",2000,"m5564",75
"703","GB",2000,"m65",138
"704","GB",2000,"f014",9
"705","GB",2000,"f1524",95
"706","GB",2000,"f2534",114
"707","GB",2000,"f3544",60
"708","GB",2000,"f4554",31
"709","GB",2000,"f5564",31
"710","GB",2000,"f65",67
"711","GE",2000,"m014",4
"712","GE",2000,"m1524",76
"713","GE",2000,"m2534",111
"714","GE",2000,"m3544",113
"715","GE",2000,"m4554",63
"716","GE",2000,"m5564",45
"717","GE",2000,"m65",28
"718","GE",2000,"f014",1
"719","GE",2000,"f1524",49
"720","GE",2000,"f2534",37
"721","GE",2000,"f3544",33
"722","GE",2000,"f4554",17
"723","GE",2000,"f5564",10
"724","GE",2000,"f65",5
"725","GH",2000,"m014",73
"726","GH",2000,"m1524",550
"727","GH",2000,"m2534",1266
"728","GH",2000,"m3544",1115
"729","GH",2000,"m4554",811
"730","GH",2000,"m5564",495
"731","GH",2000,"m65",426
"732","GH",2000,"f014",74
"733","GH",2000,"f1524",456
"734","GH",2000,"f2534",791
"735","GH",2000,"f3544",566
"736","GH",2000,"f4554",338
"737","GH",2000,"f5564",179
"738","GH",2000,"f65",176
"739","GN",2000,"m014",39
"740","GN",2000,"m1524",551
"741","GN",2000,"m2534",860
"742","GN",2000,"m3544",570
"743","GN",2000,"m4554",282
"744","GN",2000,"m5564",203
"745","GN",2000,"m65",103
"746","GN",2000,"f014",66
"747","GN",2000,"f1524",314
"748","GN",2000,"f2534",446
"749","GN",2000,"f3544",245
"750","GN",2000,"f4554",114
"751","GN",2000,"f5564",82
"752","GN",2000,"f65",45
"753","GR",2000,"m014",1
"754","GR",2000,"m1524",10
"755","GR",2000,"m2534",22
"756","GR",2000,"m3544",32
"757","GR",2000,"m4554",24
"758","GR",2000,"m5564",19
"759","GR",2000,"m65",46
"760","GR",2000,"f014",0
"761","GR",2000,"f1524",2
"762","GR",2000,"f2534",9
"763","GR",2000,"f3544",10
"764","GR",2000,"f4554",5
"765","GR",2000,"f5564",6
"766","GR",2000,"f65",25
"767","GT",2000,"m014",36
"768","GT",2000,"m1524",220
"769","GT",2000,"m2534",236
"770","GT",2000,"m3544",216
"771","GT",2000,"m4554",177
"772","GT",2000,"m5564",112
"773","GT",2000,"m65",140
"774","GT",2000,"f014",41
"775","GT",2000,"f1524",199
"776","GT",2000,"f2534",167
"777","GT",2000,"f3544",175
"778","GT",2000,"f4554",135
"779","GT",2000,"f5564",87
"780","GT",2000,"f65",111
"781","GU",2000,"m014",2
"782","GU",2000,"m1524",1
"783","GU",2000,"m2534",6
"784","GU",2000,"m3544",6
"785","GU",2000,"m4554",9
"786","GU",2000,"m5564",6
"787","GU",2000,"m65",9
"788","GU",2000,"f014",0
"789","GU",2000,"f1524",3
"790","GU",2000,"f2534",1
"791","GU",2000,"f3544",2
"792","GU",2000,"f4554",5
"793","GU",2000,"f5564",2
"794","GU",2000,"f65",2
"795","GW",2000,"m014",2
"796","GW",2000,"m1524",52
"797","GW",2000,"m2534",92
"798","GW",2000,"m3544",80
"799","GW",2000,"m4554",64
"800","GW",2000,"m5564",39
"801","GW",2000,"m65",19
"802","GW",2000,"f014",4
"803","GW",2000,"f1524",30
"804","GW",2000,"f2534",46
"805","GW",2000,"f3544",47
"806","GW",2000,"f4554",24
"807","GW",2000,"f5564",15
"808","GW",2000,"f65",12
"809","GY",2000,"m014",4
"810","GY",2000,"m1524",20
"811","GY",2000,"m2534",19
"812","GY",2000,"m3544",14
"813","GY",2000,"m4554",7
"814","GY",2000,"m5564",6
"815","GY",2000,"m65",9
"816","GY",2000,"f014",1
"817","GY",2000,"f1524",11
"818","GY",2000,"f2534",8
"819","GY",2000,"f3544",7
"820","GY",2000,"f4554",5
"821","GY",2000,"f5564",5
"822","GY",2000,"f65",3
"823","HK",2000,"m014",4
"824","HK",2000,"m1524",78
"825","HK",2000,"m2534",102
"826","HK",2000,"m3544",160
"827","HK",2000,"m4554",211
"828","HK",2000,"m5564",236
"829","HK",2000,"m65",578
"830","HK",2000,"f014",5
"831","HK",2000,"f1524",65
"832","HK",2000,"f2534",115
"833","HK",2000,"f3544",86
"834","HK",2000,"f4554",44
"835","HK",2000,"f5564",45
"836","HK",2000,"f65",211
"837","HN",2000,"m014",30
"838","HN",2000,"m1524",123
"839","HN",2000,"m2534",371
"840","HN",2000,"m3544",246
"841","HN",2000,"m4554",277
"842","HN",2000,"m5564",214
"843","HN",2000,"m65",43
"844","HN",2000,"f014",25
"845","HN",2000,"f1524",21
"846","HN",2000,"f2534",269
"847","HN",2000,"f3544",258
"848","HN",2000,"f4554",270
"849","HN",2000,"f5564",160
"850","HN",2000,"f65",38
"851","HT",2000,"m014",67
"852","HT",2000,"m1524",836
"853","HT",2000,"m2534",898
"854","HT",2000,"m3544",613
"855","HT",2000,"m4554",350
"856","HT",2000,"m5564",147
"857","HT",2000,"m65",118
"858","HT",2000,"f014",96
"859","HT",2000,"f1524",914
"860","HT",2000,"f2534",857
"861","HT",2000,"f3544",513
"862","HT",2000,"f4554",275
"863","HT",2000,"f5564",132
"864","HT",2000,"f65",71
"865","HU",2000,"m014",0
"866","HU",2000,"m1524",8
"867","HU",2000,"m2534",24
"868","HU",2000,"m3544",85
"869","HU",2000,"m4554",104
"870","HU",2000,"m5564",58
"871","HU",2000,"m65",27
"872","HU",2000,"f014",1
"873","HU",2000,"f1524",7
"874","HU",2000,"f2534",17
"875","HU",2000,"f3544",19
"876","HU",2000,"f4554",22
"877","HU",2000,"f5564",10
"878","HU",2000,"f65",30
"879","IE",2000,"m014",0
"880","IE",2000,"m1524",10
"881","IE",2000,"m2534",7
"882","IE",2000,"m3544",7
"883","IE",2000,"m4554",6
"884","IE",2000,"m5564",4
"885","IE",2000,"m65",12
"886","IE",2000,"f014",0
"887","IE",2000,"f1524",13
"888","IE",2000,"f2534",8
"889","IE",2000,"f3544",13
"890","IE",2000,"f4554",6
"891","IE",2000,"f5564",7
"892","IE",2000,"f65",15
"893","IL",2000,"m014",0
"894","IL",2000,"m1524",16
"895","IL",2000,"m2534",28
"896","IL",2000,"m3544",17
"897","IL",2000,"m4554",24
"898","IL",2000,"m5564",10
"899","IL",2000,"m65",31
"900","IL",2000,"f014",2
"901","IL",2000,"f1524",11
"902","IL",2000,"f2534",15
"903","IL",2000,"f3544",7
"904","IL",2000,"f4554",3
"905","IL",2000,"f5564",7
"906","IL",2000,"f65",25
"907","IN",2000,"m014",1588
"908","IN",2000,"m1524",20963
"909","IN",2000,"m2534",31090
"910","IN",2000,"m3544",30829
"911","IN",2000,"m4554",24230
"912","IN",2000,"m5564",15308
"913","IN",2000,"m65",8534
"914","IN",2000,"f014",2250
"915","IN",2000,"f1524",14495
"916","IN",2000,"f2534",17287
"917","IN",2000,"f3544",11768
"918","IN",2000,"f4554",7516
"919","IN",2000,"f5564",4594
"920","IN",2000,"f65",2697
"921","IQ",2000,"m014",21
"922","IQ",2000,"m1524",627
"923","IQ",2000,"m2534",317
"924","IQ",2000,"m3544",297
"925","IQ",2000,"m4554",205
"926","IQ",2000,"m5564",135
"927","IQ",2000,"m65",101
"928","IQ",2000,"f014",37
"929","IQ",2000,"f1524",338
"930","IQ",2000,"f2534",241
"931","IQ",2000,"f3544",136
"932","IQ",2000,"f4554",134
"933","IQ",2000,"f5564",103
"934","IQ",2000,"f65",87
"935","IR",2000,"m014",29
"936","IR",2000,"m1524",438
"937","IR",2000,"m2534",467
"938","IR",2000,"m3544",387
"939","IR",2000,"m4554",295
"940","IR",2000,"m5564",344
"941","IR",2000,"m65",642
"942","IR",2000,"f014",77
"943","IR",2000,"f1524",593
"944","IR",2000,"f2534",410
"945","IR",2000,"f3544",322
"946","IR",2000,"f4554",320
"947","IR",2000,"f5564",407
"948","IR",2000,"f65",647
"949","IS",2000,"f014",0
"950","IS",2000,"f2534",1
"951","IT",2000,"m014",12
"952","IT",2000,"m1524",63
"953","IT",2000,"m2534",96
"954","IT",2000,"m3544",75
"955","IT",2000,"m4554",58
"956","IT",2000,"m5564",54
"957","IT",2000,"m65",112
"958","IT",2000,"f014",6
"959","IT",2000,"f1524",38
"960","IT",2000,"f2534",58
"961","IT",2000,"f3544",33
"962","IT",2000,"f4554",13
"963","IT",2000,"f5564",19
"964","IT",2000,"f65",39
"965","JM",2000,"m014",0
"966","JM",2000,"m1524",6
"967","JM",2000,"m2534",13
"968","JM",2000,"m3544",13
"969","JM",2000,"m4554",15
"970","JM",2000,"m5564",6
"971","JM",2000,"m65",5
"972","JM",2000,"f014",1
"973","JM",2000,"f1524",8
"974","JM",2000,"f2534",8
"975","JM",2000,"f3544",7
"976","JM",2000,"f4554",2
"977","JM",2000,"f5564",5
"978","JM",2000,"f65",1
"979","JO",2000,"m014",0
"980","JO",2000,"m1524",8
"981","JO",2000,"m2534",16
"982","JO",2000,"m3544",13
"983","JO",2000,"m4554",9
"984","JO",2000,"m5564",14
"985","JO",2000,"m65",2
"986","JO",2000,"f014",0
"987","JO",2000,"f1524",8
"988","JO",2000,"f2534",9
"989","JO",2000,"f3544",1
"990","JO",2000,"f4554",2
"991","JO",2000,"f5564",2
"992","JO",2000,"f65",5
"993","JP",2000,"m014",2
"994","JP",2000,"m1524",246
"995","JP",2000,"m2534",572
"996","JP",2000,"m3544",676
"997","JP",2000,"m4554",1494
"998","JP",2000,"m5564",1509
"999","JP",2000,"m65",3816
"1000","JP",2000,"f014",5
"1001","JP",2000,"f1524",222
"1002","JP",2000,"f2534",464
"1003","JP",2000,"f3544",213
"1004","JP",2000,"f4554",292
"1005","JP",2000,"f5564",384
"1006","JP",2000,"f65",1958
"1007","KE",2000,"m014",264
"1008","KE",2000,"m1524",3739
"1009","KE",2000,"m2534",6653
"1010","KE",2000,"m3544",3548
"1011","KE",2000,"m4554",1630
"1012","KE",2000,"m5564",630
"1013","KE",2000,"m65",414
"1014","KE",2000,"f014",416
"1015","KE",2000,"f1524",3916
"1016","KE",2000,"f2534",4363
"1017","KE",2000,"f3544",1874
"1018","KE",2000,"f4554",831
"1019","KE",2000,"f5564",347
"1020","KE",2000,"f65",148
"1021","KG",2000,"m014",4
"1022","KG",2000,"m1524",128
"1023","KG",2000,"m2534",227
"1024","KG",2000,"m3544",205
"1025","KG",2000,"m4554",115
"1026","KG",2000,"m5564",52
"1027","KG",2000,"m65",46
"1028","KG",2000,"f014",6
"1029","KG",2000,"f1524",128
"1030","KG",2000,"f2534",146
"1031","KG",2000,"f3544",100
"1032","KG",2000,"f4554",41
"1033","KG",2000,"f5564",30
"1034","KG",2000,"f65",29
"1035","KH",2000,"m014",26
"1036","KH",2000,"m1524",519
"1037","KH",2000,"m2534",1323
"1038","KH",2000,"m3544",1618
"1039","KH",2000,"m4554",1456
"1040","KH",2000,"m5564",1373
"1041","KH",2000,"m65",1058
"1042","KH",2000,"f014",38
"1043","KH",2000,"f1524",457
"1044","KH",2000,"f2534",1157
"1045","KH",2000,"f3544",1649
"1046","KH",2000,"f4554",1798
"1047","KH",2000,"f5564",1459
"1048","KH",2000,"f65",892
"1049","KI",2000,"m014",2
"1050","KI",2000,"m1524",9
"1051","KI",2000,"m2534",3
"1052","KI",2000,"m3544",3
"1053","KI",2000,"m4554",3
"1054","KI",2000,"m5564",8
"1055","KI",2000,"m65",2
"1056","KI",2000,"f014",2
"1057","KI",2000,"f1524",5
"1058","KI",2000,"f2534",6
"1059","KI",2000,"f3544",3
"1060","KI",2000,"f4554",4
"1061","KI",2000,"f5564",1
"1062","KI",2000,"f65",3
"1063","KM",2000,"m014",0
"1064","KM",2000,"m1524",18
"1065","KM",2000,"m2534",7
"1066","KM",2000,"m3544",14
"1067","KM",2000,"m4554",9
"1068","KM",2000,"m5564",3
"1069","KM",2000,"m65",4
"1070","KM",2000,"f014",1
"1071","KM",2000,"f1524",9
"1072","KM",2000,"f2534",6
"1073","KM",2000,"f3544",12
"1074","KM",2000,"f4554",1
"1075","KM",2000,"f5564",2
"1076","KM",2000,"f65",1
"1077","KP",2000,"m014",293
"1078","KP",2000,"m1524",928
"1079","KP",2000,"m2534",1508
"1080","KP",2000,"m3544",2927
"1081","KP",2000,"m4554",2519
"1082","KP",2000,"m5564",1167
"1083","KP",2000,"m65",651
"1084","KP",2000,"f014",167
"1085","KP",2000,"f1524",683
"1086","KP",2000,"f2534",1121
"1087","KP",2000,"f3544",2004
"1088","KP",2000,"f4554",1524
"1089","KP",2000,"f5564",591
"1090","KP",2000,"f65",357
"1091","KR",2000,"m014",19
"1092","KR",2000,"m1524",821
"1093","KR",2000,"m2534",1085
"1094","KR",2000,"m3544",988
"1095","KR",2000,"m4554",853
"1096","KR",2000,"m5564",731
"1097","KR",2000,"m65",901
"1098","KR",2000,"f014",25
"1099","KR",2000,"f1524",546
"1100","KR",2000,"f2534",544
"1101","KR",2000,"f3544",393
"1102","KR",2000,"f4554",220
"1103","KR",2000,"f5564",295
"1104","KR",2000,"f65",795
"1105","KW",2000,"m014",0
"1106","KW",2000,"m1524",10
"1107","KW",2000,"m2534",44
"1108","KW",2000,"m3544",32
"1109","KW",2000,"m4554",21
"1110","KW",2000,"m5564",11
"1111","KW",2000,"m65",5
"1112","KW",2000,"f014",1
"1113","KW",2000,"f1524",11
"1114","KW",2000,"f2534",24
"1115","KW",2000,"f3544",12
"1116","KW",2000,"f4554",5
"1117","KW",2000,"f5564",3
"1118","KW",2000,"f65",1
"1119","KY",2000,"m014",0
"1120","KY",2000,"m1524",0
"1121","KY",2000,"m2534",3
"1122","KY",2000,"m3544",1
"1123","KY",2000,"m4554",0
"1124","KY",2000,"m5564",1
"1125","KY",2000,"m65",0
"1126","KZ",2000,"m014",36
"1127","KZ",2000,"m1524",1057
"1128","KZ",2000,"m2534",1409
"1129","KZ",2000,"m3544",1379
"1130","KZ",2000,"m4554",923
"1131","KZ",2000,"m5564",439
"1132","KZ",2000,"m65",218
"1133","KZ",2000,"f014",84
"1134","KZ",2000,"f1524",999
"1135","KZ",2000,"f2534",1079
"1136","KZ",2000,"f3544",599
"1137","KZ",2000,"f4554",275
"1138","KZ",2000,"f5564",202
"1139","KZ",2000,"f65",204
"1140","LA",2000,"m014",7
"1141","LA",2000,"m1524",92
"1142","LA",2000,"m2534",128
"1143","LA",2000,"m3544",166
"1144","LA",2000,"m4554",201
"1145","LA",2000,"m5564",177
"1146","LA",2000,"m65",176
"1147","LA",2000,"f014",10
"1148","LA",2000,"f1524",59
"1149","LA",2000,"f2534",95
"1150","LA",2000,"f3544",131
"1151","LA",2000,"f4554",122
"1152","LA",2000,"f5564",91
"1153","LA",2000,"f65",71
"1154","LB",2000,"m014",5
"1155","LB",2000,"m1524",16
"1156","LB",2000,"m2534",28
"1157","LB",2000,"m3544",20
"1158","LB",2000,"m4554",15
"1159","LB",2000,"m5564",17
"1160","LB",2000,"m65",14
"1161","LB",2000,"f014",4
"1162","LB",2000,"f1524",31
"1163","LB",2000,"f2534",26
"1164","LB",2000,"f3544",9
"1165","LB",2000,"f4554",7
"1166","LB",2000,"f5564",4
"1167","LB",2000,"f65",6
"1168","LC",2000,"m014",0
"1169","LC",2000,"m1524",0
"1170","LC",2000,"m2534",0
"1171","LC",2000,"m3544",1
"1172","LC",2000,"m4554",0
"1173","LC",2000,"m5564",1
"1174","LC",2000,"m65",2
"1175","LC",2000,"f014",0
"1176","LC",2000,"f1524",1
"1177","LC",2000,"f2534",0
"1178","LC",2000,"f3544",1
"1179","LC",2000,"f4554",0
"1180","LC",2000,"f5564",1
"1181","LC",2000,"f65",0
"1182","LK",2000,"m014",25
"1183","LK",2000,"m1524",266
"1184","LK",2000,"m2534",459
"1185","LK",2000,"m3544",695
"1186","LK",2000,"m4554",793
"1187","LK",2000,"m5564",484
"1188","LK",2000,"m65",360
"1189","LK",2000,"f014",23
"1190","LK",2000,"f1524",312
"1191","LK",2000,"f2534",264
"1192","LK",2000,"f3544",176
"1193","LK",2000,"f4554",202
"1194","LK",2000,"f5564",144
"1195","LK",2000,"f65",113
"1196","LR",2000,"m014",12
"1197","LR",2000,"m1524",133
"1198","LR",2000,"m2534",196
"1199","LR",2000,"m3544",127
"1200","LR",2000,"m4554",52
"1201","LR",2000,"m5564",17
"1202","LR",2000,"m65",26
"1203","LR",2000,"f014",21
"1204","LR",2000,"f1524",140
"1205","LR",2000,"f2534",149
"1206","LR",2000,"f3544",88
"1207","LR",2000,"f4554",28
"1208","LR",2000,"f5564",16
"1209","LR",2000,"f65",16
"1210","LS",2000,"m014",8
"1211","LS",2000,"m1524",165
"1212","LS",2000,"m2534",458
"1213","LS",2000,"m3544",517
"1214","LS",2000,"m4554",395
"1215","LS",2000,"m5564",198
"1216","LS",2000,"m65",76
"1217","LS",2000,"f014",11
"1218","LS",2000,"f1524",222
"1219","LS",2000,"f2534",336
"1220","LS",2000,"f3544",195
"1221","LS",2000,"f4554",83
"1222","LS",2000,"f5564",36
"1223","LS",2000,"f65",29
"1224","LT",2000,"m014",1
"1225","LT",2000,"m1524",38
"1226","LT",2000,"m2534",97
"1227","LT",2000,"m3544",145
"1228","LT",2000,"m4554",155
"1229","LT",2000,"m5564",74
"1230","LT",2000,"m65",68
"1231","LT",2000,"f014",0
"1232","LT",2000,"f1524",20
"1233","LT",2000,"f2534",37
"1234","LT",2000,"f3544",39
"1235","LT",2000,"f4554",32
"1236","LT",2000,"f5564",22
"1237","LT",2000,"f65",48
"1238","LV",2000,"m014",0
"1239","LV",2000,"m1524",53
"1240","LV",2000,"m2534",106
"1241","LV",2000,"m3544",124
"1242","LV",2000,"m4554",111
"1243","LV",2000,"m5564",64
"1244","LV",2000,"m65",34
"1245","LV",2000,"f014",2
"1246","LV",2000,"f1524",25
"1247","LV",2000,"f2534",41
"1248","LV",2000,"f3544",27
"1249","LV",2000,"f4554",28
"1250","LV",2000,"f5564",7
"1251","LV",2000,"f65",15
"1252","LY",2000,"m014",5
"1253","LY",2000,"m1524",101
"1254","LY",2000,"m2534",239
"1255","LY",2000,"m3544",86
"1256","LY",2000,"m4554",36
"1257","LY",2000,"m5564",29
"1258","LY",2000,"m65",32
"1259","LY",2000,"f014",6
"1260","LY",2000,"f1524",43
"1261","LY",2000,"f2534",35
"1262","LY",2000,"f3544",24
"1263","LY",2000,"f4554",24
"1264","LY",2000,"f5564",16
"1265","LY",2000,"f65",22
"1266","MA",2000,"m014",99
"1267","MA",2000,"m1524",2061
"1268","MA",2000,"m2534",2423
"1269","MA",2000,"m3544",1705
"1270","MA",2000,"m4554",855
"1271","MA",2000,"m5564",485
"1272","MA",2000,"m65",595
"1273","MA",2000,"f014",170
"1274","MA",2000,"f1524",1530
"1275","MA",2000,"f2534",1121
"1276","MA",2000,"f3544",672
"1277","MA",2000,"f4554",398
"1278","MA",2000,"f5564",406
"1279","MA",2000,"f65",352
"1280","MD",2000,"m014",2
"1281","MD",2000,"m1524",52
"1282","MD",2000,"m2534",31
"1283","MD",2000,"m3544",36
"1284","MD",2000,"m4554",13
"1285","MD",2000,"m5564",13
"1286","MD",2000,"m65",6
"1287","MD",2000,"f014",1
"1288","MD",2000,"f1524",16
"1289","MD",2000,"f2534",32
"1290","MD",2000,"f3544",45
"1291","MD",2000,"f4554",23
"1292","MD",2000,"f5564",14
"1293","MD",2000,"f65",6
"1294","MH",2000,"m014",3
"1295","MH",2000,"m1524",5
"1296","MH",2000,"m2534",4
"1297","MH",2000,"m3544",1
"1298","MH",2000,"m4554",3
"1299","MH",2000,"m5564",5
"1300","MH",2000,"m65",3
"1301","MH",2000,"f014",7
"1302","MH",2000,"f1524",7
"1303","MH",2000,"f2534",3
"1304","MH",2000,"f3544",0
"1305","MH",2000,"f4554",2
"1306","MH",2000,"f5564",2
"1307","MH",2000,"f65",0
"1308","MK",2000,"m014",5
"1309","MK",2000,"m1524",8
"1310","MK",2000,"m2534",14
"1311","MK",2000,"m3544",20
"1312","MK",2000,"m4554",19
"1313","MK",2000,"m5564",20
"1314","MK",2000,"m65",14
"1315","MK",2000,"f014",1
"1316","MK",2000,"f1524",15
"1317","MK",2000,"f2534",14
"1318","MK",2000,"f3544",17
"1319","MK",2000,"f4554",5
"1320","MK",2000,"f5564",5
"1321","MK",2000,"f65",10
"1322","ML",2000,"m014",23
"1323","ML",2000,"m1524",206
"1324","ML",2000,"m2534",430
"1325","ML",2000,"m3544",396
"1326","ML",2000,"m4554",297
"1327","ML",2000,"m5564",235
"1328","ML",2000,"m65",144
"1329","ML",2000,"f014",14
"1330","ML",2000,"f1524",174
"1331","ML",2000,"f2534",232
"1332","ML",2000,"f3544",152
"1333","ML",2000,"f4554",106
"1334","ML",2000,"f5564",75
"1335","ML",2000,"f65",43
"1336","MM",2000,"m014",88
"1337","MM",2000,"m1524",1459
"1338","MM",2000,"m2534",2636
"1339","MM",2000,"m3544",2781
"1340","MM",2000,"m4554",2161
"1341","MM",2000,"m5564",1235
"1342","MM",2000,"m65",836
"1343","MM",2000,"f014",72
"1344","MM",2000,"f1524",1040
"1345","MM",2000,"f2534",1592
"1346","MM",2000,"f3544",1397
"1347","MM",2000,"f4554",987
"1348","MM",2000,"f5564",592
"1349","MM",2000,"f65",378
"1350","MN",2000,"m014",6
"1351","MN",2000,"m1524",181
"1352","MN",2000,"m2534",260
"1353","MN",2000,"m3544",171
"1354","MN",2000,"m4554",68
"1355","MN",2000,"m5564",38
"1356","MN",2000,"m65",23
"1357","MN",2000,"f014",32
"1358","MN",2000,"f1524",200
"1359","MN",2000,"f2534",213
"1360","MN",2000,"f3544",113
"1361","MN",2000,"f4554",41
"1362","MN",2000,"f5564",26
"1363","MN",2000,"f65",17
"1364","MO",2000,"m014",0
"1365","MO",2000,"m1524",10
"1366","MO",2000,"m2534",8
"1367","MO",2000,"m3544",25
"1368","MO",2000,"m4554",22
"1369","MO",2000,"m5564",9
"1370","MO",2000,"m65",17
"1371","MO",2000,"f014",0
"1372","MO",2000,"f1524",10
"1373","MO",2000,"f2534",4
"1374","MO",2000,"f3544",6
"1375","MO",2000,"f4554",6
"1376","MO",2000,"f5564",3
"1377","MO",2000,"f65",13
"1378","MP",2000,"m014",1
"1379","MP",2000,"m1524",4
"1380","MP",2000,"m2534",8
"1381","MP",2000,"m3544",9
"1382","MP",2000,"m4554",9
"1383","MP",2000,"m5564",3
"1384","MP",2000,"m65",2
"1385","MP",2000,"f014",0
"1386","MP",2000,"f1524",10
"1387","MP",2000,"f2534",17
"1388","MP",2000,"f3544",7
"1389","MP",2000,"f4554",3
"1390","MP",2000,"f5564",1
"1391","MP",2000,"f65",1
"1392","MT",2000,"m014",0
"1393","MT",2000,"m1524",1
"1394","MT",2000,"m2534",0
"1395","MT",2000,"m3544",1
"1396","MT",2000,"m4554",1
"1397","MT",2000,"m5564",0
"1398","MT",2000,"m65",1
"1399","MU",2000,"m014",2
"1400","MU",2000,"m1524",6
"1401","MU",2000,"m2534",9
"1402","MU",2000,"m3544",18
"1403","MU",2000,"m4554",19
"1404","MU",2000,"m5564",14
"1405","MU",2000,"m65",8
"1406","MU",2000,"f014",1
"1407","MU",2000,"f1524",5
"1408","MU",2000,"f2534",8
"1409","MU",2000,"f3544",8
"1410","MU",2000,"f4554",6
"1411","MU",2000,"f5564",7
"1412","MU",2000,"f65",4
"1413","MV",2000,"m014",0
"1414","MV",2000,"m1524",9
"1415","MV",2000,"m2534",10
"1416","MV",2000,"m3544",2
"1417","MV",2000,"m4554",5
"1418","MV",2000,"m5564",5
"1419","MV",2000,"m65",3
"1420","MV",2000,"f014",0
"1421","MV",2000,"f1524",11
"1422","MV",2000,"f2534",4
"1423","MV",2000,"f3544",5
"1424","MV",2000,"f4554",4
"1425","MV",2000,"f5564",5
"1426","MV",2000,"f65",2
"1427","MW",2000,"m014",50
"1428","MW",2000,"m1524",653
"1429","MW",2000,"m2534",1476
"1430","MW",2000,"m3544",1113
"1431","MW",2000,"m4554",585
"1432","MW",2000,"m5564",245
"1433","MW",2000,"m65",114
"1434","MW",2000,"f014",66
"1435","MW",2000,"f1524",1038
"1436","MW",2000,"f2534",1481
"1437","MW",2000,"f3544",831
"1438","MW",2000,"f4554",401
"1439","MW",2000,"f5564",148
"1440","MW",2000,"f65",64
"1441","MX",2000,"m014",214
"1442","MX",2000,"m1524",1079
"1443","MX",2000,"m2534",1387
"1444","MX",2000,"m3544",1162
"1445","MX",2000,"m4554",1235
"1446","MX",2000,"m5564",972
"1447","MX",2000,"m65",1126
"1448","MX",2000,"f014",176
"1449","MX",2000,"f1524",663
"1450","MX",2000,"f2534",828
"1451","MX",2000,"f3544",698
"1452","MX",2000,"f4554",832
"1453","MX",2000,"f5564",595
"1454","MX",2000,"f65",709
"1455","MY",2000,"m014",32
"1456","MY",2000,"m1524",694
"1457","MY",2000,"m2534",1138
"1458","MY",2000,"m3544",1177
"1459","MY",2000,"m4554",908
"1460","MY",2000,"m5564",814
"1461","MY",2000,"m65",891
"1462","MY",2000,"f014",41
"1463","MY",2000,"f1524",464
"1464","MY",2000,"f2534",564
"1465","MY",2000,"f3544",424
"1466","MY",2000,"f4554",367
"1467","MY",2000,"f5564",356
"1468","MY",2000,"f65",286
"1469","NA",2000,"m014",18
"1470","NA",2000,"m1524",269
"1471","NA",2000,"m2534",874
"1472","NA",2000,"m3544",665
"1473","NA",2000,"m4554",300
"1474","NA",2000,"m5564",147
"1475","NA",2000,"m65",81
"1476","NA",2000,"f014",16
"1477","NA",2000,"f1524",352
"1478","NA",2000,"f2534",654
"1479","NA",2000,"f3544",348
"1480","NA",2000,"f4554",161
"1481","NA",2000,"f5564",76
"1482","NA",2000,"f65",52
"1483","NC",2000,"m014",1
"1484","NC",2000,"m1524",1
"1485","NC",2000,"m2534",3
"1486","NC",2000,"m3544",4
"1487","NC",2000,"m4554",2
"1488","NC",2000,"m5564",3
"1489","NC",2000,"m65",4
"1490","NC",2000,"f014",1
"1491","NC",2000,"f1524",8
"1492","NC",2000,"f2534",1
"1493","NC",2000,"f3544",1
"1494","NC",2000,"f4554",3
"1495","NC",2000,"f5564",2
"1496","NC",2000,"f65",4
"1497","NE",2000,"m014",29
"1498","NE",2000,"m1524",270
"1499","NE",2000,"m2534",174
"1500","NE",2000,"m3544",441
"1501","NE",2000,"m4554",252
"1502","NE",2000,"m5564",151
"1503","NE",2000,"m65",78
"1504","NE",2000,"f014",31
"1505","NE",2000,"f1524",123
"1506","NE",2000,"f2534",206
"1507","NE",2000,"f3544",168
"1508","NE",2000,"f4554",151
"1509","NE",2000,"f5564",63
"1510","NE",2000,"f65",9
"1511","NG",2000,"m014",157
"1512","NG",2000,"m1524",2173
"1513","NG",2000,"m2534",3164
"1514","NG",2000,"m3544",1836
"1515","NG",2000,"m4554",1091
"1516","NG",2000,"m5564",566
"1517","NG",2000,"m65",463
"1518","NG",2000,"f014",239
"1519","NG",2000,"f1524",2934
"1520","NG",2000,"f2534",2434
"1521","NG",2000,"f3544",1110
"1522","NG",2000,"f4554",676
"1523","NG",2000,"f5564",344
"1524","NG",2000,"f65",231
"1525","NI",2000,"m014",18
"1526","NI",2000,"m1524",194
"1527","NI",2000,"m2534",174
"1528","NI",2000,"m3544",147
"1529","NI",2000,"m4554",108
"1530","NI",2000,"m5564",64
"1531","NI",2000,"m65",90
"1532","NI",2000,"f014",34
"1533","NI",2000,"f1524",188
"1534","NI",2000,"f2534",173
"1535","NI",2000,"f3544",98
"1536","NI",2000,"f4554",76
"1537","NI",2000,"f5564",46
"1538","NI",2000,"f65",61
"1539","NL",2000,"m014",0
"1540","NL",2000,"m1524",34
"1541","NL",2000,"m2534",63
"1542","NL",2000,"m3544",41
"1543","NL",2000,"m4554",25
"1544","NL",2000,"m5564",10
"1545","NL",2000,"m65",21
"1546","NL",2000,"f014",4
"1547","NL",2000,"f1524",29
"1548","NL",2000,"f2534",22
"1549","NL",2000,"f3544",16
"1550","NL",2000,"f4554",9
"1551","NL",2000,"f5564",5
"1552","NL",2000,"f65",10
"1553","NO",2000,"m014",0
"1554","NO",2000,"m1524",1
"1555","NO",2000,"m2534",9
"1556","NO",2000,"m3544",3
"1557","NO",2000,"m4554",6
"1558","NO",2000,"m5564",2
"1559","NO",2000,"m65",4
"1560","NO",2000,"f014",1
"1561","NO",2000,"f1524",3
"1562","NO",2000,"f2534",1
"1563","NO",2000,"f5564",2
"1564","NO",2000,"f65",5
"1565","NP",2000,"m014",170
"1566","NP",2000,"m1524",1904
"1567","NP",2000,"m2534",1763
"1568","NP",2000,"m3544",1713
"1569","NP",2000,"m4554",1491
"1570","NP",2000,"m5564",1294
"1571","NP",2000,"m65",772
"1572","NP",2000,"f014",176
"1573","NP",2000,"f1524",1267
"1574","NP",2000,"f2534",1078
"1575","NP",2000,"f3544",833
"1576","NP",2000,"f4554",575
"1577","NP",2000,"f5564",419
"1578","NP",2000,"f65",228
"1579","NR",2000,"m4554",1
"1580","NR",2000,"f4554",1
"1581","NR",2000,"f5564",1
"1582","NZ",2000,"m014",0
"1583","NZ",2000,"m1524",6
"1584","NZ",2000,"m2534",5
"1585","NZ",2000,"m3544",6
"1586","NZ",2000,"m4554",8
"1587","NZ",2000,"m5564",10
"1588","NZ",2000,"m65",7
"1589","NZ",2000,"f014",1
"1590","NZ",2000,"f1524",6
"1591","NZ",2000,"f2534",6
"1592","NZ",2000,"f3544",5
"1593","NZ",2000,"f4554",0
"1594","NZ",2000,"f5564",4
"1595","NZ",2000,"f65",10
"1596","OM",2000,"m014",1
"1597","OM",2000,"m1524",8
"1598","OM",2000,"m2534",9
"1599","OM",2000,"m3544",11
"1600","OM",2000,"m4554",12
"1601","OM",2000,"m5564",9
"1602","OM",2000,"m65",11
"1603","OM",2000,"f014",2
"1604","OM",2000,"f1524",17
"1605","OM",2000,"f2534",5
"1606","OM",2000,"f3544",7
"1607","OM",2000,"f4554",5
"1608","OM",2000,"f5564",11
"1609","OM",2000,"f65",6
"1610","PA",2000,"m014",3
"1611","PA",2000,"m1524",44
"1612","PA",2000,"m2534",78
"1613","PA",2000,"m3544",61
"1614","PA",2000,"m4554",37
"1615","PA",2000,"m5564",27
"1616","PA",2000,"m65",26
"1617","PA",2000,"f014",6
"1618","PA",2000,"f1524",43
"1619","PA",2000,"f2534",34
"1620","PA",2000,"f3544",35
"1621","PA",2000,"f4554",19
"1622","PA",2000,"f5564",12
"1623","PA",2000,"f65",16
"1624","PE",2000,"m014",552
"1625","PE",2000,"m1524",5290
"1626","PE",2000,"m2534",2875
"1627","PE",2000,"m3544",1546
"1628","PE",2000,"m4554",1041
"1629","PE",2000,"m5564",801
"1630","PE",2000,"m65",796
"1631","PE",2000,"f014",633
"1632","PE",2000,"f1524",3686
"1633","PE",2000,"f2534",2472
"1634","PE",2000,"f3544",1156
"1635","PE",2000,"f4554",609
"1636","PE",2000,"f5564",499
"1637","PE",2000,"f65",624
"1638","PF",2000,"m014",1
"1639","PF",2000,"m1524",3
"1640","PF",2000,"m2534",3
"1641","PF",2000,"m3544",4
"1642","PF",2000,"m4554",4
"1643","PF",2000,"m5564",4
"1644","PF",2000,"m65",3
"1645","PF",2000,"f014",1
"1646","PF",2000,"f1524",4
"1647","PF",2000,"f2534",1
"1648","PF",2000,"f3544",0
"1649","PF",2000,"f4554",1
"1650","PF",2000,"f5564",0
"1651","PF",2000,"f65",0
"1652","PG",2000,"m014",8
"1653","PG",2000,"m1524",87
"1654","PG",2000,"m2534",70
"1655","PG",2000,"m3544",30
"1656","PG",2000,"m4554",21
"1657","PG",2000,"m5564",12
"1658","PG",2000,"m65",5
"1659","PG",2000,"f014",6
"1660","PG",2000,"f1524",77
"1661","PG",2000,"f2534",45
"1662","PG",2000,"f3544",21
"1663","PG",2000,"f4554",15
"1664","PG",2000,"f5564",5
"1665","PG",2000,"f65",1
"1666","PK",2000,"m014",55
"1667","PK",2000,"m1524",498
"1668","PK",2000,"m2534",387
"1669","PK",2000,"m3544",256
"1670","PK",2000,"m4554",232
"1671","PK",2000,"m5564",153
"1672","PK",2000,"m65",130
"1673","PK",2000,"f014",130
"1674","PK",2000,"f1524",591
"1675","PK",2000,"f2534",416
"1676","PK",2000,"f3544",274
"1677","PK",2000,"f4554",163
"1678","PK",2000,"f5564",103
"1679","PK",2000,"f65",56
"1680","PL",2000,"m014",1
"1681","PL",2000,"m1524",99
"1682","PL",2000,"m2534",303
"1683","PL",2000,"m3544",812
"1684","PL",2000,"m4554",782
"1685","PL",2000,"m5564",361
"1686","PL",2000,"m65",434
"1687","PL",2000,"f014",1
"1688","PL",2000,"f1524",99
"1689","PL",2000,"f2534",158
"1690","PL",2000,"f3544",211
"1691","PL",2000,"f4554",170
"1692","PL",2000,"f5564",82
"1693","PL",2000,"f65",421
"1694","PR",2000,"m014",0
"1695","PR",2000,"m1524",1
"1696","PR",2000,"m2534",4
"1697","PR",2000,"m3544",19
"1698","PR",2000,"m4554",9
"1699","PR",2000,"m5564",10
"1700","PR",2000,"m65",14
"1701","PR",2000,"f014",1
"1702","PR",2000,"f1524",4
"1703","PR",2000,"f2534",5
"1704","PR",2000,"f3544",3
"1705","PR",2000,"f4554",7
"1706","PR",2000,"f5564",1
"1707","PR",2000,"f65",3
"1708","PT",2000,"m014",8
"1709","PT",2000,"m1524",147
"1710","PT",2000,"m2534",375
"1711","PT",2000,"m3544",349
"1712","PT",2000,"m4554",208
"1713","PT",2000,"m5564",140
"1714","PT",2000,"m65",140
"1715","PT",2000,"f014",5
"1716","PT",2000,"f1524",114
"1717","PT",2000,"f2534",154
"1718","PT",2000,"f3544",87
"1719","PT",2000,"f4554",41
"1720","PT",2000,"f5564",25
"1721","PT",2000,"f65",64
"1722","PY",2000,"m014",16
"1723","PY",2000,"m1524",112
"1724","PY",2000,"m2534",103
"1725","PY",2000,"m3544",105
"1726","PY",2000,"m4554",86
"1727","PY",2000,"m5564",80
"1728","PY",2000,"m65",71
"1729","PY",2000,"f014",12
"1730","PY",2000,"f1524",69
"1731","PY",2000,"f2534",86
"1732","PY",2000,"f3544",41
"1733","PY",2000,"f4554",41
"1734","PY",2000,"f5564",30
"1735","PY",2000,"f65",46
"1736","QA",2000,"m014",0
"1737","QA",2000,"m1524",7
"1738","QA",2000,"m2534",19
"1739","QA",2000,"m3544",9
"1740","QA",2000,"m4554",7
"1741","QA",2000,"m5564",2
"1742","QA",2000,"m65",1
"1743","QA",2000,"f014",0
"1744","QA",2000,"f1524",0
"1745","QA",2000,"f2534",4
"1746","QA",2000,"f3544",3
"1747","QA",2000,"f4554",1
"1748","QA",2000,"f5564",0
"1749","QA",2000,"f65",0
"1750","RO",2000,"m014",46
"1751","RO",2000,"m1524",832
"1752","RO",2000,"m2534",1508
"1753","RO",2000,"m3544",1799
"1754","RO",2000,"m4554",1684
"1755","RO",2000,"m5564",916
"1756","RO",2000,"m65",533
"1757","RO",2000,"f014",53
"1758","RO",2000,"f1524",701
"1759","RO",2000,"f2534",766
"1760","RO",2000,"f3544",484
"1761","RO",2000,"f4554",341
"1762","RO",2000,"f5564",207
"1763","RO",2000,"f65",321
"1764","RU",2000,"m014",1
"1765","RU",2000,"m1524",295
"1766","RU",2000,"m2534",526
"1767","RU",2000,"m3544",596
"1768","RU",2000,"m4554",402
"1769","RU",2000,"m5564",151
"1770","RU",2000,"m65",54
"1771","RU",2000,"f014",1
"1772","RU",2000,"f1524",43
"1773","RU",2000,"f2534",73
"1774","RU",2000,"f3544",74
"1775","RU",2000,"f4554",38
"1776","RU",2000,"f5564",31
"1777","RU",2000,"f65",44
"1778","RW",2000,"m014",155
"1779","RW",2000,"m1524",466
"1780","RW",2000,"m2534",974
"1781","RW",2000,"m3544",824
"1782","RW",2000,"m4554",393
"1783","RW",2000,"m5564",129
"1784","RW",2000,"m65",56
"1785","RW",2000,"f014",105
"1786","RW",2000,"f1524",396
"1787","RW",2000,"f2534",473
"1788","RW",2000,"f3544",309
"1789","RW",2000,"f4554",109
"1790","RW",2000,"f5564",52
"1791","RW",2000,"f65",14
"1792","SA",2000,"m014",0
"1793","SA",2000,"m1524",131
"1794","SA",2000,"m2534",268
"1795","SA",2000,"m3544",213
"1796","SA",2000,"m4554",158
"1797","SA",2000,"m5564",86
"1798","SA",2000,"m65",107
"1799","SA",2000,"f014",28
"1800","SA",2000,"f1524",172
"1801","SA",2000,"f2534",182
"1802","SA",2000,"f3544",79
"1803","SA",2000,"f4554",51
"1804","SA",2000,"f5564",50
"1805","SA",2000,"f65",70
"1806","SB",2000,"m014",3
"1807","SB",2000,"m1524",13
"1808","SB",2000,"m2534",4
"1809","SB",2000,"m3544",8
"1810","SB",2000,"m4554",8
"1811","SB",2000,"m5564",10
"1812","SB",2000,"m65",6
"1813","SB",2000,"f014",8
"1814","SB",2000,"f1524",15
"1815","SB",2000,"f2534",13
"1816","SB",2000,"f3544",7
"1817","SB",2000,"f4554",7
"1818","SB",2000,"f5564",5
"1819","SB",2000,"f65",2
"1820","SC",2000,"m2534",2
"1821","SC",2000,"m3544",4
"1822","SC",2000,"m4554",1
"1823","SC",2000,"m5564",1
"1824","SC",2000,"f2534",1
"1825","SC",2000,"f3544",0
"1826","SC",2000,"f4554",1
"1827","SC",2000,"f5564",1
"1828","SD",2000,"m014",785
"1829","SD",2000,"m1524",1028
"1830","SD",2000,"m2534",1511
"1831","SD",2000,"m3544",1351
"1832","SD",2000,"m4554",1119
"1833","SD",2000,"m5564",638
"1834","SD",2000,"m65",677
"1835","SD",2000,"f014",817
"1836","SD",2000,"f1524",925
"1837","SD",2000,"f2534",1134
"1838","SD",2000,"f3544",905
"1839","SD",2000,"f4554",771
"1840","SD",2000,"f5564",327
"1841","SD",2000,"f65",323
"1842","SE",2000,"m014",0
"1843","SE",2000,"m1524",9
"1844","SE",2000,"m2534",10
"1845","SE",2000,"m3544",12
"1846","SE",2000,"m4554",11
"1847","SE",2000,"m5564",4
"1848","SE",2000,"m65",25
"1849","SE",2000,"f014",1
"1850","SE",2000,"f1524",9
"1851","SE",2000,"f2534",8
"1852","SE",2000,"f3544",10
"1853","SE",2000,"f4554",2
"1854","SE",2000,"f5564",2
"1855","SE",2000,"f65",15
"1856","SG",2000,"m014",1
"1857","SG",2000,"m1524",8
"1858","SG",2000,"m2534",9
"1859","SG",2000,"m3544",34
"1860","SG",2000,"m4554",51
"1861","SG",2000,"m5564",26
"1862","SG",2000,"m65",64
"1863","SG",2000,"f014",1
"1864","SG",2000,"f1524",9
"1865","SG",2000,"f2534",8
"1866","SG",2000,"f3544",7
"1867","SG",2000,"f4554",9
"1868","SG",2000,"f5564",5
"1869","SG",2000,"f65",16
"1870","SI",2000,"m014",0
"1871","SI",2000,"m1524",3
"1872","SI",2000,"m2534",11
"1873","SI",2000,"m3544",36
"1874","SI",2000,"m4554",22
"1875","SI",2000,"m5564",14
"1876","SI",2000,"m65",17
"1877","SI",2000,"f014",0
"1878","SI",2000,"f1524",3
"1879","SI",2000,"f2534",9
"1880","SI",2000,"f3544",3
"1881","SI",2000,"f4554",4
"1882","SI",2000,"f5564",3
"1883","SI",2000,"f65",20
"1884","SK",2000,"m014",2
"1885","SK",2000,"m1524",6
"1886","SK",2000,"m2534",15
"1887","SK",2000,"m3544",31
"1888","SK",2000,"m4554",50
"1889","SK",2000,"m5564",16
"1890","SK",2000,"m65",32
"1891","SK",2000,"f014",0
"1892","SK",2000,"f1524",5
"1893","SK",2000,"f2534",9
"1894","SK",2000,"f3544",7
"1895","SK",2000,"f4554",5
"1896","SK",2000,"f5564",4
"1897","SK",2000,"f65",54
"1898","SL",2000,"m014",18
"1899","SL",2000,"m1524",287
"1900","SL",2000,"m2534",486
"1901","SL",2000,"m3544",361
"1902","SL",2000,"m4554",190
"1903","SL",2000,"m5564",113
"1904","SL",2000,"m65",47
"1905","SL",2000,"f014",27
"1906","SL",2000,"f1524",249
"1907","SL",2000,"f2534",298
"1908","SL",2000,"f3544",225
"1909","SL",2000,"f4554",92
"1910","SL",2000,"f5564",49
"1911","SL",2000,"f65",30
"1912","SM",2000,"m65",1
"1913","SN",2000,"m014",60
"1914","SN",2000,"m1524",772
"1915","SN",2000,"m2534",1297
"1916","SN",2000,"m3544",857
"1917","SN",2000,"m4554",470
"1918","SN",2000,"m5564",279
"1919","SN",2000,"m65",189
"1920","SN",2000,"f014",77
"1921","SN",2000,"f1524",521
"1922","SN",2000,"f2534",540
"1923","SN",2000,"f3544",376
"1924","SN",2000,"f4554",217
"1925","SN",2000,"f5564",107
"1926","SN",2000,"f65",61
"1927","SO",2000,"m014",113
"1928","SO",2000,"m1524",740
"1929","SO",2000,"m2534",724
"1930","SO",2000,"m3544",408
"1931","SO",2000,"m4554",254
"1932","SO",2000,"m5564",195
"1933","SO",2000,"m65",142
"1934","SO",2000,"f014",85
"1935","SO",2000,"f1524",354
"1936","SO",2000,"f2534",319
"1937","SO",2000,"f3544",219
"1938","SO",2000,"f4554",110
"1939","SO",2000,"f5564",72
"1940","SO",2000,"f65",41
"1941","SR",2000,"m014",1
"1942","SR",2000,"m1524",6
"1943","SR",2000,"m2534",6
"1944","SR",2000,"m3544",3
"1945","SR",2000,"m4554",2
"1946","SR",2000,"m5564",0
"1947","SR",2000,"m65",4
"1948","SR",2000,"f014",2
"1949","SR",2000,"f1524",3
"1950","SR",2000,"f2534",6
"1951","SR",2000,"f3544",3
"1952","SR",2000,"f4554",0
"1953","SR",2000,"f5564",1
"1954","SR",2000,"f65",1
"1955","ST",2000,"m014",1
"1956","ST",2000,"m1524",5
"1957","ST",2000,"m2534",11
"1958","ST",2000,"m3544",4
"1959","ST",2000,"m4554",7
"1960","ST",2000,"m5564",3
"1961","ST",2000,"m65",10
"1962","ST",2000,"f014",3
"1963","ST",2000,"f1524",7
"1964","ST",2000,"f2534",15
"1965","ST",2000,"f3544",5
"1966","ST",2000,"f4554",7
"1967","ST",2000,"f5564",4
"1968","ST",2000,"f65",15
"1969","SV",2000,"m014",13
"1970","SV",2000,"m1524",99
"1971","SV",2000,"m2534",124
"1972","SV",2000,"m3544",114
"1973","SV",2000,"m4554",92
"1974","SV",2000,"m5564",62
"1975","SV",2000,"m65",107
"1976","SV",2000,"f014",28
"1977","SV",2000,"f1524",81
"1978","SV",2000,"f2534",76
"1979","SV",2000,"f3544",63
"1980","SV",2000,"f4554",63
"1981","SV",2000,"f5564",39
"1982","SV",2000,"f65",47
"1983","SY",2000,"m014",8
"1984","SY",2000,"m1524",359
"1985","SY",2000,"m2534",289
"1986","SY",2000,"m3544",125
"1987","SY",2000,"m4554",86
"1988","SY",2000,"m5564",76
"1989","SY",2000,"m65",55
"1990","SY",2000,"f014",23
"1991","SY",2000,"f1524",195
"1992","SY",2000,"f2534",101
"1993","SY",2000,"f3544",53
"1994","SY",2000,"f4554",46
"1995","SY",2000,"f5564",38
"1996","SY",2000,"f65",28
"1997","SZ",2000,"m014",11
"1998","SZ",2000,"m1524",130
"1999","SZ",2000,"m2534",352
"2000","SZ",2000,"m3544",249
"2001","SZ",2000,"m4554",138
"2002","SZ",2000,"m5564",37
"2003","SZ",2000,"m65",17
"2004","SZ",2000,"f014",10
"2005","SZ",2000,"f1524",198
"2006","SZ",2000,"f2534",298
"2007","SZ",2000,"f3544",62
"2008","SZ",2000,"f4554",62
"2009","SZ",2000,"f5564",24
"2010","SZ",2000,"f65",5
"2011","TG",2000,"m014",4
"2012","TG",2000,"m1524",101
"2013","TG",2000,"m2534",168
"2014","TG",2000,"m3544",144
"2015","TG",2000,"m4554",109
"2016","TG",2000,"m5564",48
"2017","TG",2000,"m65",39
"2018","TG",2000,"f014",13
"2019","TG",2000,"f1524",107
"2020","TG",2000,"f2534",124
"2021","TG",2000,"f3544",50
"2022","TG",2000,"f4554",36
"2023","TG",2000,"f5564",24
"2024","TG",2000,"f65",15
"2025","TH",2000,"m014",27
"2026","TH",2000,"m1524",859
"2027","TH",2000,"m2534",2570
"2028","TH",2000,"m3544",2380
"2029","TH",2000,"m4554",2117
"2030","TH",2000,"m5564",1908
"2031","TH",2000,"m65",2213
"2032","TH",2000,"f014",32
"2033","TH",2000,"f1524",624
"2034","TH",2000,"f2534",1035
"2035","TH",2000,"f3544",780
"2036","TH",2000,"f4554",873
"2037","TH",2000,"f5564",1016
"2038","TH",2000,"f65",1321
"2039","TM",2000,"m014",16
"2040","TM",2000,"m1524",103
"2041","TM",2000,"m2534",185
"2042","TM",2000,"m3544",144
"2043","TM",2000,"m4554",127
"2044","TM",2000,"m5564",31
"2045","TM",2000,"m65",21
"2046","TM",2000,"f014",19
"2047","TM",2000,"f1524",73
"2048","TM",2000,"f2534",140
"2049","TM",2000,"f3544",76
"2050","TM",2000,"f4554",31
"2051","TM",2000,"f5564",34
"2052","TM",2000,"f65",17
"2053","TN",2000,"m014",16
"2054","TN",2000,"m1524",139
"2055","TN",2000,"m2534",208
"2056","TN",2000,"m3544",156
"2057","TN",2000,"m4554",109
"2058","TN",2000,"m5564",65
"2059","TN",2000,"m65",101
"2060","TN",2000,"f014",7
"2061","TN",2000,"f1524",68
"2062","TN",2000,"f2534",59
"2063","TN",2000,"f3544",43
"2064","TN",2000,"f4554",21
"2065","TN",2000,"f5564",21
"2066","TN",2000,"f65",58
"2067","TO",2000,"m1524",2
"2068","TO",2000,"m2534",1
"2069","TO",2000,"m3544",1
"2070","TO",2000,"m5564",1
"2071","TO",2000,"m65",5
"2072","TO",2000,"f1524",1
"2073","TO",2000,"f2534",1
"2074","TO",2000,"f3544",1
"2075","TO",2000,"f5564",1
"2076","TO",2000,"f65",1
"2077","TT",2000,"m014",0
"2078","TT",2000,"m1524",7
"2079","TT",2000,"m2534",18
"2080","TT",2000,"m3544",27
"2081","TT",2000,"m4554",17
"2082","TT",2000,"m5564",7
"2083","TT",2000,"m65",7
"2084","TT",2000,"f014",0
"2085","TT",2000,"f1524",5
"2086","TT",2000,"f2534",7
"2087","TT",2000,"f3544",9
"2088","TT",2000,"f4554",5
"2089","TT",2000,"f5564",2
"2090","TT",2000,"f65",4
"2091","TZ",2000,"m014",200
"2092","TZ",2000,"m1524",2357
"2093","TZ",2000,"m2534",4836
"2094","TZ",2000,"m3544",3430
"2095","TZ",2000,"m4554",2022
"2096","TZ",2000,"m5564",1202
"2097","TZ",2000,"m65",834
"2098","TZ",2000,"f014",257
"2099","TZ",2000,"f1524",2106
"2100","TZ",2000,"f2534",3426
"2101","TZ",2000,"f3544",1738
"2102","TZ",2000,"f4554",868
"2103","TZ",2000,"f5564",494
"2104","TZ",2000,"f65",269
"2105","UA",2000,"m014",21
"2106","UA",2000,"m1524",693
"2107","UA",2000,"m2534",1552
"2108","UA",2000,"m3544",2385
"2109","UA",2000,"m4554",2007
"2110","UA",2000,"m5564",1062
"2111","UA",2000,"m65",532
"2112","UA",2000,"f014",41
"2113","UA",2000,"f1524",487
"2114","UA",2000,"f2534",590
"2115","UA",2000,"f3544",447
"2116","UA",2000,"f4554",298
"2117","UA",2000,"f5564",218
"2118","UA",2000,"f65",405
"2119","UG",2000,"m014",283
"2120","UG",2000,"m1524",1511
"2121","UG",2000,"m2534",3497
"2122","UG",2000,"m3544",2479
"2123","UG",2000,"m4554",1279
"2124","UG",2000,"m5564",607
"2125","UG",2000,"m65",395
"2126","UG",2000,"f014",400
"2127","UG",2000,"f1524",1649
"2128","UG",2000,"f2534",2782
"2129","UG",2000,"f3544",1510
"2130","UG",2000,"f4554",671
"2131","UG",2000,"f5564",316
"2132","UG",2000,"f65",163
"2133","US",2000,"m014",6
"2134","US",2000,"m1524",365
"2135","US",2000,"m2534",602
"2136","US",2000,"m3544",906
"2137","US",2000,"m4554",904
"2138","US",2000,"m5564",577
"2139","US",2000,"m65",738
"2140","US",2000,"f014",14
"2141","US",2000,"f1524",246
"2142","US",2000,"f2534",376
"2143","US",2000,"f3544",349
"2144","US",2000,"f4554",253
"2145","US",2000,"f5564",152
"2146","US",2000,"f65",396
"2147","UY",2000,"m014",0
"2148","UY",2000,"m1524",36
"2149","UY",2000,"m2534",48
"2150","UY",2000,"m3544",45
"2151","UY",2000,"m4554",41
"2152","UY",2000,"m5564",30
"2153","UY",2000,"m65",34
"2154","UY",2000,"f014",2
"2155","UY",2000,"f1524",28
"2156","UY",2000,"f2534",22
"2157","UY",2000,"f3544",21
"2158","UY",2000,"f4554",13
"2159","UY",2000,"f5564",12
"2160","UY",2000,"f65",16
"2161","UZ",2000,"m014",6
"2162","UZ",2000,"m1524",351
"2163","UZ",2000,"m2534",749
"2164","UZ",2000,"m3544",510
"2165","UZ",2000,"m4554",346
"2166","UZ",2000,"m5564",213
"2167","UZ",2000,"m65",107
"2168","UZ",2000,"f014",11
"2169","UZ",2000,"f1524",261
"2170","UZ",2000,"f2534",547
"2171","UZ",2000,"f3544",288
"2172","UZ",2000,"f4554",213
"2173","UZ",2000,"f5564",112
"2174","UZ",2000,"f65",111
"2175","VC",2000,"m014",0
"2176","VC",2000,"m1524",1
"2177","VC",2000,"m2534",0
"2178","VC",2000,"m3544",4
"2179","VC",2000,"m4554",2
"2180","VC",2000,"m5564",0
"2181","VC",2000,"m65",1
"2182","VC",2000,"f014",1
"2183","VC",2000,"f1524",0
"2184","VC",2000,"f2534",0
"2185","VC",2000,"f3544",0
"2186","VC",2000,"f4554",0
"2187","VC",2000,"f5564",0
"2188","VC",2000,"f65",0
"2189","VG",2000,"m5564",1
"2190","VN",2000,"m014",51
"2191","VN",2000,"m1524",2367
"2192","VN",2000,"m2534",6147
"2193","VN",2000,"m3544",8209
"2194","VN",2000,"m4554",6713
"2195","VN",2000,"m5564",5150
"2196","VN",2000,"m65",7712
"2197","VN",2000,"f014",64
"2198","VN",2000,"f1524",1334
"2199","VN",2000,"f2534",2320
"2200","VN",2000,"f3544",2754
"2201","VN",2000,"f4554",2594
"2202","VN",2000,"f5564",2847
"2203","VN",2000,"f65",4907
"2204","VU",2000,"m014",2
"2205","VU",2000,"m1524",7
"2206","VU",2000,"m2534",5
"2207","VU",2000,"m3544",1
"2208","VU",2000,"m4554",10
"2209","VU",2000,"m5564",5
"2210","VU",2000,"m65",2
"2211","VU",2000,"f014",5
"2212","VU",2000,"f1524",3
"2213","VU",2000,"f2534",15
"2214","VU",2000,"f3544",7
"2215","VU",2000,"f4554",3
"2216","VU",2000,"f5564",3
"2217","VU",2000,"f65",1
"2218","WS",2000,"m014",0
"2219","WS",2000,"m1524",3
"2220","WS",2000,"m2534",1
"2221","WS",2000,"m3544",1
"2222","WS",2000,"m4554",1
"2223","WS",2000,"m5564",2
"2224","WS",2000,"m65",1
"2225","WS",2000,"f014",0
"2226","WS",2000,"f1524",2
"2227","WS",2000,"f2534",1
"2228","WS",2000,"f3544",1
"2229","WS",2000,"f4554",0
"2230","WS",2000,"f5564",0
"2231","WS",2000,"f65",0
"2232","YE",2000,"m014",110
"2233","YE",2000,"m1524",789
"2234","YE",2000,"m2534",689
"2235","YE",2000,"m3544",493
"2236","YE",2000,"m4554",314
"2237","YE",2000,"m5564",255
"2238","YE",2000,"m65",127
"2239","YE",2000,"f014",161
"2240","YE",2000,"f1524",799
"2241","YE",2000,"f2534",627
"2242","YE",2000,"f3544",517
"2243","YE",2000,"f4554",345
"2244","YE",2000,"f5564",247
"2245","YE",2000,"f65",92
"2246","ZA",2000,"m014",116
"2247","ZA",2000,"m1524",723
"2248","ZA",2000,"m2534",1999
"2249","ZA",2000,"m3544",2135
"2250","ZA",2000,"m4554",1146
"2251","ZA",2000,"m5564",435
"2252","ZA",2000,"m65",212
"2253","ZA",2000,"f014",122
"2254","ZA",2000,"f1524",1283
"2255","ZA",2000,"f2534",1716
"2256","ZA",2000,"f3544",933
"2257","ZA",2000,"f4554",423
"2258","ZA",2000,"f5564",167
"2259","ZA",2000,"f65",80
"2260","ZM",2000,"m014",349
"2261","ZM",2000,"m1524",2175
"2262","ZM",2000,"m2534",2610
"2263","ZM",2000,"m3544",3045
"2264","ZM",2000,"m4554",435
"2265","ZM",2000,"m5564",261
"2266","ZM",2000,"m65",174
"2267","ZM",2000,"f014",150
"2268","ZM",2000,"f1524",932
"2269","ZM",2000,"f2534",1118
"2270","ZM",2000,"f3544",1305
"2271","ZM",2000,"f4554",186
"2272","ZM",2000,"f5564",112
"2273","ZM",2000,"f65",75
