-- MySQL dump 10.13  Distrib 8.0.18, for Win64 (x86_64)
--
-- Host: localhost    Database: data604_a3
-- ------------------------------------------------------
-- Server version	8.0.18

/*!40101 SET @OLD_CHARACTER_SET_CLIENT=@@CHARACTER_SET_CLIENT */;
/*!40101 SET @OLD_CHARACTER_SET_RESULTS=@@CHARACTER_SET_RESULTS */;
/*!40101 SET @OLD_COLLATION_CONNECTION=@@COLLATION_CONNECTION */;
/*!50503 SET NAMES utf8mb4 */;
/*!40103 SET @OLD_TIME_ZONE=@@TIME_ZONE */;
/*!40103 SET TIME_ZONE='+00:00' */;
/*!40014 SET @OLD_UNIQUE_CHECKS=@@UNIQUE_CHECKS, UNIQUE_CHECKS=0 */;
/*!40014 SET @OLD_FOREIGN_KEY_CHECKS=@@FOREIGN_KEY_CHECKS, FOREIGN_KEY_CHECKS=0 */;
/*!40101 SET @OLD_SQL_MODE=@@SQL_MODE, SQL_MODE='NO_AUTO_VALUE_ON_ZERO' */;
/*!40111 SET @OLD_SQL_NOTES=@@SQL_NOTES, SQL_NOTES=0 */;

--
-- Current Database: `data604_a3`
--

DROP DATABASE IF EXISTS `data604_a3`;

CREATE DATABASE /*!32312 IF NOT EXISTS*/ `data604_a3` /*!40100 DEFAULT CHARACTER SET utf8mb4 COLLATE utf8mb4_0900_ai_ci */ /*!80016 DEFAULT ENCRYPTION='N' */;

USE `data604_a3`;

--
-- Table structure for table `assessment`
--

DROP TABLE IF EXISTS `assessment`;
/*!40101 SET @saved_cs_client     = @@character_set_client */;
/*!50503 SET character_set_client = utf8mb4 */;
CREATE TABLE `assessment` (
  `assessment_id` int(11) NOT NULL AUTO_INCREMENT,
  `num_taxable_accounts` int(11) DEFAULT NULL,
  `median_value` int(11) DEFAULT NULL,
  `assessment_date` date DEFAULT NULL,
  `comm_code` varchar(3) DEFAULT NULL,
  PRIMARY KEY (`assessment_id`),
  KEY `comm_code` (`comm_code`),
  CONSTRAINT `assessment_ibfk_1` FOREIGN KEY (`comm_code`) REFERENCES `community` (`comm_code`)
) ENGINE=InnoDB AUTO_INCREMENT=1569 DEFAULT CHARSET=utf8mb4 COLLATE=utf8mb4_0900_ai_ci;
/*!40101 SET character_set_client = @saved_cs_client */;

--
-- Dumping data for table `assessment`
--

LOCK TABLES `assessment` WRITE;
/*!40000 ALTER TABLE `assessment` DISABLE KEYS */;
INSERT INTO `assessment` VALUES (1177,1804,310000,'2016-01-01','ABB'),(1178,3859,396000,'2016-01-01','ACA'),(1179,1916,328000,'2016-01-01','ALB'),(1180,2823,776000,'2016-01-01','ALT'),(1181,1795,369000,'2016-01-01','APP'),(1182,4332,469000,'2016-01-01','ARB'),(1183,3319,815000,'2016-01-01','ASP'),(1184,4906,497000,'2016-01-01','AUB'),(1185,1244,611000,'2016-01-01','BNF'),(1186,2245,281000,'2016-01-01','BNK'),(1187,248,1020000,'2016-01-01','BYV'),(1188,4070,355000,'2016-01-01','BED'),(1189,157,1710000,'2016-01-01','BEL'),(1190,16520,321000,'2016-01-01','BLN'),(1191,368,422000,'2016-01-01','BDO'),(1192,3720,377000,'2016-01-01','BOW'),(1193,2536,382000,'2016-01-01','BRA'),(1194,3391,518000,'2016-01-01','BRE'),(1195,2743,435000,'2016-01-01','BRD'),(1196,4756,397000,'2016-01-01','BRI'),(1197,287,1540000,'2016-01-01','BRT'),(1198,699,553000,'2016-01-01','CAM'),(1199,3136,436000,'2016-01-01','CAN'),(1200,1444,542000,'2016-01-01','CAP'),(1201,1654,324000,'2016-01-01','CAS'),(1202,2344,373000,'2016-01-01','CED'),(1203,4399,492000,'2016-01-01','CHA'),(1204,1319,569000,'2016-01-01','CHW'),(1205,1215,356000,'2016-01-01','CHN'),(1206,526,693000,'2016-01-01','CHK'),(1207,726,699000,'2016-01-01','CHR'),(1208,3620,447000,'2016-01-01','CIT'),(1209,839,319000,'2016-01-01','CLI'),(1210,1481,393000,'2016-01-01','COA'),(1211,839,553000,'2016-01-01','COL'),(1212,5143,388000,'2016-01-01','CPF'),(1213,1474,488000,'2016-01-01','COR'),(1214,2361,583000,'2016-01-01','CGR'),(1215,1562,388000,'2016-01-01','COU'),(1216,2231,281000,'2016-01-01','CHV'),(1217,5510,409000,'2016-01-01','COV'),(1218,6790,471000,'2016-01-01','CRA'),(1219,3007,391000,'2016-01-01','CRE'),(1220,484,639000,'2016-01-01','CRM'),(1221,3670,467000,'2016-01-01','DAL'),(1222,1383,355000,'2016-01-01','DRG'),(1223,2101,398000,'2016-01-01','DRN'),(1224,271,532000,'2016-01-01','DIA'),(1225,3337,450000,'2016-01-01','WBN'),(1226,2278,702000,'2016-01-01','DIS'),(1227,5023,480000,'2016-01-01','DDG'),(1228,4136,290000,'2016-01-01','DOV'),(1229,3217,160000,'2016-01-01','DNC'),(1230,1608,323000,'2016-01-01','DNE'),(1231,2362,364000,'2016-01-01','DNW'),(1232,108,1595000,'2016-01-01','EAG'),(1233,2805,505000,'2016-01-01','EAU'),(1234,5363,574000,'2016-01-01','EDG'),(1235,1192,1360000,'2016-01-01','EPK'),(1236,690,776000,'2016-01-01','EYA'),(1237,2348,315000,'2016-01-01','ERI'),(1238,1115,433000,'2016-01-01','ERL'),(1239,4808,477000,'2016-01-01','EVN'),(1240,7832,489000,'2016-01-01','EVE'),(1241,1254,406000,'2016-01-01','FAI'),(1242,2867,305000,'2016-01-01','FAL'),(1243,1891,294000,'2016-01-01','FHT'),(1244,1941,311000,'2016-01-01','FLN'),(1245,2348,435000,'2016-01-01','GLA'),(1246,2332,415000,'2016-01-01','GBK'),(1247,982,571000,'2016-01-01','GDL'),(1248,749,225000,'2016-01-01','GRV'),(1249,499,42000,'2016-01-01','GRE'),(1250,2475,678000,'2016-01-01','HAM'),(1251,2655,432000,'2016-01-01','HAR'),(1252,3499,494000,'2016-01-01','HAW'),(1253,3339,402000,'2016-01-01','HAY'),(1254,3849,427000,'2016-01-01','HID'),(1255,1314,484000,'2016-01-01','HPK'),(1256,803,468000,'2016-01-01','HIW'),(1257,2467,624000,'2016-01-01','HIL'),(1258,1263,638000,'2016-01-01','HOU'),(1259,4559,386000,'2016-01-01','HUN'),(1260,2317,425000,'2016-01-01','ING'),(1261,577,786000,'2016-01-01','KEL'),(1262,3155,562000,'2016-01-01','KIL'),(1263,2231,525000,'2016-01-01','KCA'),(1264,1402,442000,'2016-01-01','KIN'),(1265,5122,575000,'2016-01-01','LKB'),(1266,1987,583000,'2016-01-01','LKV'),(1267,859,431000,'2016-01-01','LEG'),(1268,1493,267000,'2016-01-01','LPK'),(1269,1693,417000,'2016-01-01','MAC'),(1270,2790,532000,'2016-01-01','MAH'),(1271,189,175000,'2016-01-01','MAN'),(1272,806,505000,'2016-01-01','MPL'),(1273,2570,351000,'2016-01-01','MRL'),(1274,2904,347000,'2016-01-01','MPK'),(1275,3760,349000,'2016-01-01','MRT'),(1276,156,1150000,'2016-01-01','MAF'),(1277,2024,440000,'2016-01-01','MAL'),(1278,4583,494000,'2016-01-01','MCK'),(1279,8541,366000,'2016-01-01','MCT'),(1280,277,628000,'2016-01-01','MEA'),(1281,2528,387000,'2016-01-01','MID'),(1282,3275,383000,'2016-01-01','MLR'),(1283,2859,331000,'2016-01-01','MIS'),(1284,3224,385000,'2016-01-01','MOR'),(1285,1713,454000,'2016-01-01','MON'),(1286,2276,582000,'2016-01-01','MOP'),(1287,1655,313000,'2016-01-01','LMR'),(1288,4152,451000,'2016-01-01','NEB'),(1289,1339,495000,'2016-01-01','NOL'),(1290,891,630000,'2016-01-01','NGM'),(1291,822,480000,'2016-01-01','NHV'),(1292,245,510000,'2016-01-01','NHU'),(1293,2256,502000,'2016-01-01','OAK'),(1294,2888,344000,'2016-01-01','OGD'),(1295,1408,485000,'2016-01-01','PAL'),(1296,9097,519000,'2016-01-01','PAN'),(1297,1017,620000,'2016-01-01','PKD'),(1298,715,660000,'2016-01-01','PKH'),(1299,1545,563000,'2016-01-01','PKL'),(1300,2074,410000,'2016-01-01','PAT'),(1301,2853,308000,'2016-01-01','PEN'),(1302,3160,329000,'2016-01-01','PIN'),(1303,848,426000,'2016-01-01','POI'),(1304,434,942000,'2016-01-01','PUM'),(1305,1824,366000,'2016-01-01','QLD'),(1306,813,456000,'2016-01-01','RAM'),(1307,2762,354000,'2016-01-01','RAN'),(1308,1054,58000,'2016-01-01','RED'),(1309,3161,447000,'2016-01-01','REN'),(1310,1957,637000,'2016-01-01','RIC'),(1311,372,399000,'2016-01-01','RID'),(1312,3432,421000,'2016-01-01','RIV'),(1313,3908,472000,'2016-01-01','ROC'),(1314,582,923000,'2016-01-01','RDL'),(1315,437,609000,'2016-01-01','RMT'),(1316,841,544000,'2016-01-01','RCK'),(1317,159,1270000,'2016-01-01','ROX'),(1318,5117,515000,'2016-01-01','ROY'),(1319,3045,367000,'2016-01-01','RUN'),(1320,449,565000,'2016-01-01','RUT'),(1321,5061,408000,'2016-01-01','SAD'),(1322,2227,461000,'2016-01-01','SGH'),(1323,2109,421000,'2016-01-01','SAN'),(1324,330,963000,'2016-01-01','SCA'),(1325,161,832000,'2016-01-01','SSW'),(1326,2905,528000,'2016-01-01','SCE'),(1327,632,588000,'2016-01-01','SHG'),(1328,1021,535000,'2016-01-01','SHS'),(1329,3604,404000,'2016-01-01','SHN'),(1330,1440,574000,'2016-01-01','SHW'),(1331,6088,575000,'2016-01-01','SIG'),(1332,3468,476000,'2016-01-01','SIL'),(1333,2501,442000,'2016-01-01','SVO'),(1334,3527,387000,'2016-01-01','SKR'),(1335,3323,413000,'2016-01-01','SOM'),(1336,2197,517000,'2016-01-01','SOC'),(1337,609,361000,'2016-01-01','SOV'),(1338,2195,400000,'2016-01-01','SOW'),(1339,3771,696000,'2016-01-01','SPH'),(1340,2856,409000,'2016-01-01','SPR'),(1341,536,739000,'2016-01-01','STA'),(1342,2376,633000,'2016-01-01','STR'),(1343,1289,253000,'2016-01-01','SNA'),(1344,3208,475000,'2016-01-01','SDC'),(1345,2002,401000,'2016-01-01','SSD'),(1346,4543,372000,'2016-01-01','TAR'),(1347,3405,353000,'2016-01-01','TEM'),(1348,2913,402000,'2016-01-01','THO'),(1349,6978,517000,'2016-01-01','TUS'),(1350,1926,464000,'2016-01-01','TUX'),(1351,506,774000,'2016-01-01','UNI'),(1352,912,1620000,'2016-01-01','UMR'),(1353,2110,581000,'2016-01-01','VAL'),(1354,5464,511000,'2016-01-01','VAR'),(1355,637,366000,'2016-01-01','VIS'),(1356,1253,434000,'2016-01-01','WAL'),(1357,2468,676000,'2016-01-01','WHL'),(1358,3258,648000,'2016-01-01','WSP'),(1359,3415,644000,'2016-01-01','WSP'),(1360,1152,516000,'2016-01-01','WGT'),(1361,3490,357000,'2016-01-01','WHI'),(1362,3492,357000,'2016-01-01','WHI'),(1363,1037,644000,'2016-01-01','WLD'),(1364,1037,644000,'2016-01-01','WLD'),(1365,2003,498000,'2016-01-01','WIL'),(1366,2008,498000,'2016-01-01','WIL'),(1367,1758,255000,'2016-01-01','WND'),(1368,1785,257000,'2016-01-01','WND'),(1369,1472,492000,'2016-01-01','WIN'),(1370,1496,493000,'2016-01-01','WIN'),(1371,3337,450000,'2016-01-01','WBN'),(1372,2066,450000,'2016-01-01','WOO'),(1373,2067,450000,'2016-01-01','WOO'),(1374,1804,305000,'2017-01-01','ABB'),(1375,3854,385000,'2017-01-01','ACA'),(1376,1918,318000,'2017-01-01','ALB'),(1377,2855,738000,'2017-01-01','ALT'),(1378,3,104000,'2017-01-01','AYB'),(1379,1795,362000,'2017-01-01','APP'),(1380,4332,449000,'2017-01-01','ARB'),(1381,3371,798000,'2017-01-01','ASP'),(1382,5755,463000,'2017-01-01','AUB'),(1383,1248,580000,'2017-01-01','BNF'),(1384,2249,265000,'2017-01-01','BNK'),(1385,248,987000,'2017-01-01','BYV'),(1386,4071,346000,'2017-01-01','BED'),(1387,158,1640000,'2017-01-01','BEL'),(1388,17776,306000,'2017-01-01','BLN'),(1389,368,407000,'2017-01-01','BDO'),(1390,3786,354000,'2017-01-01','BOW'),(1391,2536,373000,'2017-01-01','BRA'),(1392,3410,495000,'2017-01-01','BRE'),(1393,3245,401000,'2017-01-01','BRD'),(1394,4756,381000,'2017-01-01','BRI'),(1395,288,1475000,'2017-01-01','BRT'),(1396,701,540000,'2017-01-01','CAM'),(1397,3136,418000,'2017-01-01','CAN'),(1398,1449,535000,'2017-01-01','CAP'),(1399,1657,317000,'2017-01-01','CAS'),(1400,2344,358000,'2017-01-01','CED'),(1401,4400,468000,'2017-01-01','CHA'),(1402,1321,546000,'2017-01-01','CHW'),(1403,1216,335000,'2017-01-01','CHN'),(1404,525,673000,'2017-01-01','CHK'),(1405,725,647000,'2017-01-01','CHR'),(1406,3619,431000,'2017-01-01','CIT'),(1407,806,348000,'2017-01-01','CSC'),(1408,844,296000,'2017-01-01','CLI'),(1409,1482,393000,'2017-01-01','COA'),(1410,839,537000,'2017-01-01','COL'),(1411,5483,373000,'2017-01-01','CPF'),(1412,1474,471000,'2017-01-01','COR'),(1413,2361,559000,'2017-01-01','CGR'),(1414,1562,373000,'2017-01-01','COU'),(1415,2231,260000,'2017-01-01','CHV'),(1416,5510,394000,'2017-01-01','COV'),(1417,7127,450000,'2017-01-01','CRA'),(1418,3101,374000,'2017-01-01','CRE'),(1419,487,607000,'2017-01-01','CRM'),(1420,887,730000,'2017-01-01','CUR'),(1421,3672,440000,'2017-01-01','DAL'),(1422,1383,347000,'2017-01-01','DRG'),(1423,2101,387000,'2017-01-01','DRN'),(1424,271,521000,'2017-01-01','DIA'),(1425,2278,663000,'2017-01-01','DIS'),(1426,5122,460000,'2017-01-01','DDG'),(1427,4136,285000,'2017-01-01','DOV'),(1428,3209,151000,'2017-01-01','DNC'),(1429,1863,333000,'2017-01-01','DNE'),(1430,2362,339000,'2017-01-01','DNW'),(1431,108,1470000,'2017-01-01','EAG'),(1432,2805,469000,'2017-01-01','EAU'),(1433,5363,552000,'2017-01-01','EDG'),(1434,1180,1260000,'2017-01-01','EPK'),(1435,690,742000,'2017-01-01','EYA'),(1436,2349,309000,'2017-01-01','ERI'),(1437,1118,406000,'2017-01-01','ERL'),(1438,5148,458000,'2017-01-01','EVN'),(1439,7968,460000,'2017-01-01','EVE'),(1440,1254,395000,'2017-01-01','FAI'),(1441,2867,301000,'2017-01-01','FAL'),(1442,1891,290000,'2017-01-01','FHT'),(1443,1952,308000,'2017-01-01','FLN'),(1444,985,569000,'2017-01-01','GAG'),(1445,1964,520000,'2017-01-01','GAW'),(1446,2349,417000,'2017-01-01','GLA'),(1447,2342,396000,'2017-01-01','GBK'),(1448,980,532000,'2017-01-01','GDL'),(1449,749,215000,'2017-01-01','GRV'),(1450,501,42000,'2017-01-01','GRE'),(1451,2475,649000,'2017-01-01','HAM'),(1452,2656,413000,'2017-01-01','HAR'),(1453,3499,471000,'2017-01-01','HAW'),(1454,3339,392000,'2017-01-01','HAY'),(1455,3849,412000,'2017-01-01','HID'),(1456,1329,468000,'2017-01-01','HPK'),(1457,808,457000,'2017-01-01','HIW'),(1458,2628,574000,'2017-01-01','HIL'),(1459,1266,633000,'2017-01-01','HOU'),(1460,4561,379000,'2017-01-01','HUN'),(1461,2340,409000,'2017-01-01','ING'),(1462,577,739000,'2017-01-01','KEL'),(1463,3197,538000,'2017-01-01','KIL'),(1464,2402,497000,'2017-01-01','KCA'),(1465,1404,429000,'2017-01-01','KIN'),(1466,5122,554000,'2017-01-01','LKB'),(1467,1989,546000,'2017-01-01','LKV'),(1468,1840,390000,'2017-01-01','LEG'),(1469,1493,255000,'2017-01-01','LPK'),(1470,1751,298000,'2017-01-01','LMR'),(1471,1693,399000,'2017-01-01','MAC'),(1472,3202,502000,'2017-01-01','MAH'),(1473,189,161000,'2017-01-01','MAN'),(1474,806,489000,'2017-01-01','MPL'),(1475,2571,343000,'2017-01-01','MRL'),(1476,2904,338000,'2017-01-01','MPK'),(1477,3760,344000,'2017-01-01','MRT'),(1478,156,1050000,'2017-01-01','MAF'),(1479,2024,425000,'2017-01-01','MAL'),(1480,4583,465000,'2017-01-01','MCK'),(1481,8541,353000,'2017-01-01','MCT'),(1482,277,615000,'2017-01-01','MEA'),(1483,2526,371000,'2017-01-01','MID'),(1484,3275,374000,'2017-01-01','MLR'),(1485,2977,307000,'2017-01-01','MIS'),(1486,3224,378000,'2017-01-01','MOR'),(1487,1721,433000,'2017-01-01','MON'),(1488,2289,571000,'2017-01-01','MOP'),(1489,4305,429000,'2017-01-01','NEB'),(1490,1888,469000,'2017-01-01','NOL'),(1491,890,594000,'2017-01-01','NGM'),(1492,822,463000,'2017-01-01','NHV'),(1493,245,472000,'2017-01-01','NHU'),(1494,2256,483000,'2017-01-01','OAK'),(1495,2883,331000,'2017-01-01','OGD'),(1496,1408,467000,'2017-01-01','PAL'),(1497,9100,495000,'2017-01-01','PAN'),(1498,1115,605000,'2017-01-01','PKD'),(1499,828,619000,'2017-01-01','PKH'),(1500,1545,543000,'2017-01-01','PKL'),(1501,2074,389000,'2017-01-01','PAT'),(1502,2851,300000,'2017-01-01','PEN'),(1503,3160,322000,'2017-01-01','PIN'),(1504,848,412000,'2017-01-01','POI'),(1505,434,866000,'2017-01-01','PUM'),(1506,1824,356000,'2017-01-01','QLD'),(1507,815,450000,'2017-01-01','RAM'),(1508,2762,340000,'2017-01-01','RAN'),(1509,1055,66000,'2017-01-01','RED'),(1510,1016,407000,'2017-01-01','RSN'),(1511,3249,428000,'2017-01-01','REN'),(1512,2000,609000,'2017-01-01','RIC'),(1513,371,385000,'2017-01-01','RID'),(1514,3432,406000,'2017-01-01','RIV'),(1515,3939,458000,'2017-01-01','ROC'),(1516,582,898000,'2017-01-01','RDL'),(1517,437,589000,'2017-01-01','RMT'),(1518,851,497000,'2017-01-01','RCK'),(1519,153,1160000,'2017-01-01','ROX'),(1520,5117,493000,'2017-01-01','ROY'),(1521,3045,357000,'2017-01-01','RUN'),(1522,451,524000,'2017-01-01','RUT'),(1523,5358,404000,'2017-01-01','SAD'),(1524,2625,441000,'2017-01-01','SGH'),(1525,2109,405000,'2017-01-01','SAN'),(1526,330,888000,'2017-01-01','SCA'),(1527,161,761000,'2017-01-01','SSW'),(1528,2905,509000,'2017-01-01','SCE'),(1529,746,573000,'2017-01-01','SHG'),(1530,1029,503000,'2017-01-01','SHS'),(1531,3604,392000,'2017-01-01','SHN'),(1532,1587,543000,'2017-01-01','SHW'),(1533,6092,555000,'2017-01-01','SIG'),(1534,3469,459000,'2017-01-01','SIL'),(1535,2558,421000,'2017-01-01','SVO'),(1536,3877,362000,'2017-01-01','SKR'),(1537,3322,398000,'2017-01-01','SOM'),(1538,2316,500000,'2017-01-01','SOC'),(1539,609,355000,'2017-01-01','SOV'),(1540,2195,389000,'2017-01-01','SOW'),(1541,3779,672000,'2017-01-01','SPH'),(1542,2856,383000,'2017-01-01','SPR'),(1543,537,689000,'2017-01-01','STA'),(1544,2376,595000,'2017-01-01','STR'),(1545,1291,241000,'2017-01-01','SNA'),(1546,3208,455000,'2017-01-01','SDC'),(1547,2122,379000,'2017-01-01','SSD'),(1548,4544,368000,'2017-01-01','TAR'),(1549,3404,342000,'2017-01-01','TEM'),(1550,2913,385000,'2017-01-01','THO'),(1551,7019,491000,'2017-01-01','TUS'),(1552,1940,450000,'2017-01-01','TUX'),(1553,507,745000,'2017-01-01','UNI'),(1554,917,1540000,'2017-01-01','UMR'),(1555,2112,561000,'2017-01-01','VAL'),(1556,5659,495000,'2017-01-01','VAR'),(1557,637,353000,'2017-01-01','VIS'),(1558,1481,431000,'2017-01-01','WAL'),(1559,2484,640000,'2017-01-01','WHL'),(1560,3413,607000,'2017-01-01','WSP'),(1561,1152,486000,'2017-01-01','WGT'),(1562,3490,350000,'2017-01-01','WHI'),(1563,1036,616000,'2017-01-01','WLD'),(1564,2003,483000,'2017-01-01','WIL'),(1565,1770,239000,'2017-01-01','WND'),(1566,1443,483000,'2017-01-01','WIN'),(1567,3336,435000,'2017-01-01','WBN'),(1568,2066,433000,'2017-01-01','WOO');
/*!40000 ALTER TABLE `assessment` ENABLE KEYS */;
UNLOCK TABLES;

--
-- Table structure for table `community`
--

DROP TABLE IF EXISTS `community`;
/*!40101 SET @saved_cs_client     = @@character_set_client */;
/*!50503 SET character_set_client = utf8mb4 */;
CREATE TABLE `community` (
  `comm_code` varchar(3) NOT NULL,
  `srg` varchar(15) DEFAULT NULL,
  `name` varchar(40) DEFAULT NULL,
  `sector` varchar(15) DEFAULT NULL,
  `class` varchar(40) DEFAULT NULL,
  `class_code` int(11) DEFAULT NULL,
  `comm_structure` varchar(40) DEFAULT NULL,
  PRIMARY KEY (`comm_code`)
) ENGINE=InnoDB DEFAULT CHARSET=utf8mb4 COLLATE=utf8mb4_0900_ai_ci;
/*!40101 SET character_set_client = @saved_cs_client */;

--
-- Dumping data for table `community`
--

LOCK TABLES `community` WRITE;
/*!40000 ALTER TABLE `community` DISABLE KEYS */;
INSERT INTO `community` VALUES ('01B','N/A','01B','NORTHWEST','Residual Sub Area',4,'UNDEVELOPED\n'),('01C','N/A','01C','WEST','Residual Sub Area',4,'OTHER\n'),('01F','BUILT-OUT','01F','NORTHWEST','Residual Sub Area',4,'2000s\n'),('01H','N/A','01H','WEST','Residual Sub Area',4,'UNDEVELOPED\n'),('01I','N/A','01I','WEST','Residual Sub Area',4,'UNDEVELOPED\n'),('01K','N/A','01K','NORTHWEST','Residual Sub Area',4,'UNDEVELOPED\n'),('02B','N/A','02B','NORTH','Residual Sub Area',4,'UNDEVELOPED\n'),('02C','N/A','02C','NORTH','Residual Sub Area',4,'UNDEVELOPED\n'),('02E','N/A','02E','NORTHWEST','Residual Sub Area',4,'OTHER\n'),('02F','N/A','02F','NORTHWEST','Residual Sub Area',4,'OTHER\n'),('02K','N/A','02K','NORTH','Residual Sub Area',4,'UNDEVELOPED\n'),('02L','N/A','02L','NORTH','Residual Sub Area',4,'OTHER\n'),('03D','N/A','03D','NORTH','Residual Sub Area',4,'UNDEVELOPED\n'),('03W','N/A','03W','NORTH','Residual Sub Area',4,'OTHER\n'),('05D','N/A','05D','NORTHEAST','Residual Sub Area',4,'OTHER\n'),('05E','N/A','05E','NORTHEAST','Residual Sub Area',4,'UNDEVELOPED\n'),('05F','N/A','05F','NORTHEAST','Residual Sub Area',4,'UNDEVELOPED\n'),('05G','N/A','05G','NORTHEAST','Residual Sub Area',4,'OTHER\n'),('06A','N/A','06A','WEST','Residual Sub Area',4,'UNDEVELOPED\n'),('06B','N/A','06B','WEST','Residual Sub Area',4,'OTHER\n'),('06C','N/A','06C','WEST','Residual Sub Area',4,'UNDEVELOPED\n'),('09D','N/A','09D','CENTRE','Residual Sub Area',4,'OTHER\n'),('09H','N/A','09H','EAST','Residual Sub Area',4,'OTHER\n'),('09K','N/A','09K','EAST','Residual Sub Area',4,'UNDEVELOPED\n'),('09O','N/A','09O','EAST','Residual Sub Area',4,'OTHER\n'),('09P','N/A','09P','EAST','Residual Sub Area',4,'UNDEVELOPED\n'),('09Q','N/A','09Q','EAST','Residual Sub Area',4,'OTHER\n'),('10D','N/A','10D','NORTHEAST','Residual Sub Area',4,'OTHER\n'),('10E','N/A','10E','NORTHEAST','Residual Sub Area',4,'OTHER\n'),('12A','N/A','12A','SOUTHEAST','Residual Sub Area',4,'OTHER\n'),('12B','N/A','12B','SOUTHEAST','Residual Sub Area',4,'UNDEVELOPED\n'),('12C','N/A','12C','SOUTHEAST','Residual Sub Area',4,'OTHER\n'),('12I','N/A','12I','SOUTHEAST','Residual Sub Area',4,'UNDEVELOPED\n'),('12J','N/A','12J','SOUTHEAST','Residual Sub Area',4,'UNDEVELOPED\n'),('12K','N/A','12K','SOUTHEAST','Residual Sub Area',4,'UNDEVELOPED\n'),('12L','N/A','12L','SOUTHEAST','Residual Sub Area',4,'OTHER\n'),('13A','N/A','13A','SOUTH','Residual Sub Area',4,'UNDEVELOPED\n'),('13B','N/A','13B','SOUTH','Residual Sub Area',4,'UNDEVELOPED\n'),('13C','N/A','13C','SOUTH','Residual Sub Area',4,'UNDEVELOPED\n'),('13D','N/A','13D','SOUTH','Residual Sub Area',4,'UNDEVELOPED\n'),('13E','N/A','13E','SOUTH','Residual Sub Area',4,'UNDEVELOPED\n'),('13F','N/A','13F','SOUTH','Residual Sub Area',4,'UNDEVELOPED\n'),('13G','N/A','13G','SOUTH','Residual Sub Area',4,'UNDEVELOPED\n'),('13H','N/A','13H','SOUTH','Residual Sub Area',4,'UNDEVELOPED\n'),('13I','N/A','13I','SOUTH','Residual Sub Area',4,'UNDEVELOPED\n'),('13J','N/A','13J','SOUTH','Residual Sub Area',4,'UNDEVELOPED\n'),('13L','N/A','13L','SOUTH','Residual Sub Area',4,'UNDEVELOPED\n'),('13M','N/A','13M','SOUTH','Residual Sub Area',4,'UNDEVELOPED\n'),('ABB','BUILT-OUT','ABBEYDALE','NORTHEAST','Residential',1,'2000s\n'),('ABP','N/A','AURORA BUSINESS PARK','NORTH','Industrial',2,'EMPLOYMENT\n'),('ACA','BUILT-OUT','ACADIA','SOUTH','Residential',1,'1960s/1970s\n'),('ALB','BUILT-OUT','ALBERT PARK/RADISSON HEIGHTS','EAST','Residential',1,'1950s\n'),('ALT','BUILT-OUT','ALTADORE','CENTRE','Residential',1,'INNER CITY\n'),('APP','BUILT-OUT','APPLEWOOD PARK','EAST','Residential',1,'2000s\n'),('ARB','BUILT-OUT','ARBOUR LAKE','NORTHWEST','Residential',1,'\n'),('ASP','DEVELOPING','ASPEN WOODS','WEST','Residential',1,'BUILDING OUT\n'),('AUB','DEVELOPING','AUBURN BAY','SOUTHEAST','Residential',1,'BUILDING OUT\n'),('AYB','N/A','ALYTH/BONNYBROOK','CENTRE','Industrial',2,'EMPLOYMENT\n'),('BDO','BUILT-OUT','BONAVISTA DOWNS','SOUTH','Residential',1,'1960s/1970s\n'),('BED','BUILT-OUT','BEDDINGTON HEIGHTS','NORTH','Residential',1,'1960s/1970s\n'),('BEL','BUILT-OUT','BEL-AIRE','CENTRE','Residential',1,'1960s/1970s\n'),('BLM','DEVELOPING','BELMONT','SOUTH','Residential',1,'BUILDING OUT\n'),('BLN','BUILT-OUT','BELTLINE','CENTRE','Residential',1,'CENTRE CITY\n'),('BNF','BUILT-OUT','BANFF TRAIL','CENTRE','Residential',1,'1950s\n'),('BNK','BUILT-OUT','BANKVIEW','CENTRE','Residential',1,'INNER CITY\n'),('BOW','BUILT-OUT','BOWNESS','NORTHWEST','Residential',1,'1950s\n'),('BRA','BUILT-OUT','BRAESIDE','SOUTH','Residential',1,'1960s/1970s\n'),('BRD','BUILT-OUT','BRIDGELAND/RIVERSIDE','CENTRE','Residential',1,'INNER CITY\n'),('BRE','BUILT-OUT','BRENTWOOD','NORTHWEST','Residential',1,'1960s/1970s\n'),('BRI','BUILT-OUT','BRIDLEWOOD','SOUTH','Residential',1,'2000s\n'),('BRT','BUILT-OUT','BRITANNIA','CENTRE','Residential',1,'1950s\n'),('BUR','N/A','BURNS INDUSTRIAL','CENTRE','Industrial',2,'EMPLOYMENT\n'),('BVD','BUILT-OUT','BELVEDERE','EAST','Residential',1,'BUILDING OUT\n'),('BYV','BUILT-OUT','BAYVIEW','SOUTH','Residential',1,'1960s/1970s\n'),('CAM','BUILT-OUT','CAMBRIAN HEIGHTS','CENTRE','Residential',1,'1950s\n'),('CAN','BUILT-OUT','CANYON MEADOWS','SOUTH','Residential',1,'1960s/1970s\n'),('CAP','BUILT-OUT','CAPITOL HILL','CENTRE','Residential',1,'1950s\n'),('CAR','DEVELOPING','CARRINGTON','NORTH','Residential',1,'BUILDING OUT\n'),('CAS','BUILT-OUT','CASTLERIDGE','NORTHEAST','Residential',1,'1980s/1990s\n'),('CED','BUILT-OUT','CEDARBRAE','SOUTH','Residential',1,'1960s/1970s\n'),('CGR','DEVELOPING','COUGAR RIDGE','WEST','Residential',1,'2000s\n'),('CHA','DEVELOPING','CHAPARRAL','SOUTH','Residential',1,'BUILDING OUT\n'),('CHK','BUILT-OUT','CHINOOK PARK','SOUTH','Residential',1,'1950s\n'),('CHN','BUILT-OUT','CHINATOWN','CENTRE','Residential',1,'CENTRE CITY\n'),('CHR','BUILT-OUT','CHRISTIE PARK','WEST','Residential',1,'1980s/1990s\n'),('CHV','BUILT-OUT','COUNTRY HILLS VILLAGE','NORTH','Residential',1,'2000s\n'),('CHW','BUILT-OUT','CHARLESWOOD','NORTHWEST','Residential',1,'1950s\n'),('CIA','N/A','CALGARY INTERNATIONAL AIRPORT','NORTHEAST','Industrial',2,'OTHER\n'),('CIT','BUILT-OUT','CITADEL','NORTHWEST','Residential',1,'1980s/1990s\n'),('CLI','BUILT-OUT','CLIFF BUNGALOW','CENTRE','Residential',1,'INNER CITY\n'),('CNS','DEVELOPING','CORNERSTONE','NORTHEAST','Residential',1,'2000s\n'),('COA','BUILT-OUT','COACH HILL','WEST','Residential',1,'1980s/1990s\n'),('COL','BUILT-OUT','COLLINGWOOD','NORTHWEST','Residential',1,'1950s\n'),('COP','N/A','CANADA OLYMPIC PARK','WEST','Major Park',3,'OTHER\n'),('COR','BUILT-OUT','CORAL SPRINGS','NORTHEAST','Residential',1,'2000s\n'),('COU','BUILT-OUT','COUNTRY HILLS','NORTH','Residential',1,'1980s/1990s\n'),('COV','BUILT-OUT','COVENTRY HILLS','NORTH','Residential',1,'2000s\n'),('CPF','DEVELOPING','COPPERFIELD','SOUTHEAST','Residential',1,'BUILDING OUT\n'),('CRA','DEVELOPING','CRANSTON','SOUTHEAST','Residential',1,'BUILDING OUT\n'),('CRE','BUILT-OUT','CRESCENT HEIGHTS','CENTRE','Residential',1,'INNER CITY\n'),('CRM','BUILT-OUT','CRESTMONT','WEST','Residential',1,'2000s\n'),('CSC','DEVELOPING','CITYSCAPE','NORTHEAST','Residential',1,'BUILDING OUT\n'),('CUR','BUILT-OUT','CURRIE BARRACKS','WEST','Residential',1,'BUILDING OUT\n'),('DAL','BUILT-OUT','DALHOUSIE','NORTHWEST','Residential',1,'1960s/1970s\n'),('DBC','N/A','DEERFOOT BUSINESS CENTRE','NORTHEAST','Industrial',2,'EMPLOYMENT\n'),('DDG','BUILT-OUT','DOUGLASDALE/GLEN','SOUTHEAST','Residential',1,'1980s/1990s\n'),('DIA','BUILT-OUT','DIAMOND COVE','SOUTH','Residential',1,'1980s/1990s\n'),('DIS','BUILT-OUT','DISCOVERY RIDGE','WEST','Residential',1,'2000s\n'),('DNC','BUILT-OUT','DOWNTOWN COMMERCIAL CORE','CENTRE','Residential',1,'CENTRE CITY\n'),('DNE','BUILT-OUT','DOWNTOWN EAST VILLAGE','CENTRE','Residential',1,'CENTRE CITY\n'),('DNW','BUILT-OUT','DOWNTOWN WEST END','CENTRE','Residential',1,'CENTRE CITY\n'),('DOV','BUILT-OUT','DOVER','EAST','Residential',1,'1960s/1970s\n'),('DRG','BUILT-OUT','DEER RIDGE','SOUTH','Residential',1,'1980s/1990s\n'),('DRN','BUILT-OUT','DEER RUN','SOUTH','Residential',1,'1980s/1990s\n'),('EAG','BUILT-OUT','EAGLE RIDGE','SOUTH','Residential',1,'1960s/1970s\n'),('EAU','BUILT-OUT','EAU CLAIRE','CENTRE','Residential',1,'CENTRE CITY\n'),('EDG','BUILT-OUT','EDGEMONT','NORTHWEST','Residential',1,'1980s/1990s\n'),('EFI','N/A','EASTFIELD','EAST','Industrial',2,'EMPLOYMENT\n'),('EFV','N/A','EAST FAIRVIEW INDUSTRIAL','SOUTH','Industrial',2,'EMPLOYMENT\n'),('EPK','BUILT-OUT','ELBOW PARK','CENTRE','Residential',1,'INNER CITY\n'),('ERI','BUILT-OUT','ERIN WOODS','EAST','Residential',1,'1980s/1990s\n'),('ERL','BUILT-OUT','ERLTON','CENTRE','Residential',1,'INNER CITY\n'),('ESH','N/A','EAST SHEPARD INDUSTRIAL','SOUTHEAST','Industrial',2,'EMPLOYMENT\n'),('EVE','DEVELOPING','EVERGREEN','SOUTH','Residential',1,'BUILDING OUT\n'),('EVN','DEVELOPING','EVANSTON','NORTH','Residential',1,'BUILDING OUT\n'),('EYA','BUILT-OUT','ELBOYA','CENTRE','Residential',1,'1950s\n'),('FAI','BUILT-OUT','FAIRVIEW','SOUTH','Residential',1,'1950s\n'),('FAL','BUILT-OUT','FALCONRIDGE','NORTHEAST','Residential',1,'1980s/1990s\n'),('FHI','N/A','FOOTHILLS','EAST','Industrial',2,'EMPLOYMENT\n'),('FHT','BUILT-OUT','FOREST HEIGHTS','EAST','Residential',1,'1960s/1970s\n'),('FLI','N/A','FOREST LAWN INDUSTRIAL','EAST','Industrial',2,'EMPLOYMENT\n'),('FLN','BUILT-OUT','FOREST LAWN','EAST','Residential',1,'1950s\n'),('FPK','N/A','FISH CREEK PARK','SOUTH','Major Park',3,'PARKS\n'),('FRA','N/A','FRANKLIN','NORTHEAST','Industrial',2,'EMPLOYMENT\n'),('FVI','N/A','FAIRVIEW INDUSTRIAL','SOUTH','Industrial',2,'EMPLOYMENT\n'),('GAG','BUILT-OUT','GARRISON GREEN','WEST','Residential',1,'BUILDING OUT\n'),('GAW','BUILT-OUT','GARRISON WOODS','CENTRE','Residential',1,'INNER CITY\n'),('GBK','BUILT-OUT','GLENBROOK','WEST','Residential',1,'1950s\n'),('GBP','N/A','GLENDEER BUSINESS PARK','SOUTH','Industrial',2,'EMPLOYMENT\n'),('GDL','BUILT-OUT','GLENDALE','WEST','Residential',1,'1950s\n'),('GLA','BUILT-OUT','GLAMORGAN','WEST','Residential',1,'1950s\n'),('GPI','N/A','GREAT PLAINS','EAST','Industrial',2,'EMPLOYMENT\n'),('GPK','N/A','GLENMORE PARK','SOUTH','Major Park',3,'PARKS\n'),('GRE','BUILT-OUT','GREENWOOD/GREENBRIAR','NORTHWEST','Residential',1,'1960s/1970s\n'),('GRI','N/A','GREENVIEW INDUSTRIAL PARK','CENTRE','Industrial',2,'EMPLOYMENT\n'),('GRV','BUILT-OUT','GREENVIEW','CENTRE','Residential',1,'1960s/1970s\n'),('GTI','N/A','GOLDEN TRIANGLE','EAST','Industrial',2,'EMPLOYMENT\n'),('HAM','BUILT-OUT','HAMPTONS','NORTHWEST','Residential',1,'2000s\n'),('HAR','BUILT-OUT','HARVEST HILLS','NORTH','Residential',1,'1980s/1990s\n'),('HAW','BUILT-OUT','HAWKWOOD','NORTHWEST','Residential',1,'1980s/1990s\n'),('HAY','BUILT-OUT','HAYSBORO','SOUTH','Residential',1,'1950s\n'),('HID','BUILT-OUT','HIDDEN VALLEY','NORTH','Residential',1,'1980s/1990s\n'),('HIF','N/A','HIGHFIELD','CENTRE','Industrial',2,'EMPLOYMENT\n'),('HIL','BUILT-OUT','HILLHURST','CENTRE','Residential',1,'INNER CITY\n'),('HIW','BUILT-OUT','HIGHWOOD','CENTRE','Residential',1,'1950s\n'),('HKS','DEVELOPING','HOTCHKISS','SOUTHEAST','Residential',1,'2000s\n'),('HOR','N/A','HORIZON','NORTHEAST','Industrial',2,'EMPLOYMENT\n'),('HOU','BUILT-OUT','HOUNSFIELD HEIGHTS/BRIAR HILL','CENTRE','Residential',1,'1950s\n'),('HPK','BUILT-OUT','HIGHLAND PARK','CENTRE','Residential',1,'1950s\n'),('HSD','DEVELOPING','HOMESTEAD','NORTHEAST','Residential',1,'BUILDING OUT\n'),('HSN','DEVELOPING','HASKAYNE','NORTHWEST','Residential',1,'BUILDING OUT\n'),('HUN','BUILT-OUT','HUNTINGTON HILLS','NORTH','Residential',1,'1960s/1970s\n'),('ING','BUILT-OUT','INGLEWOOD','CENTRE','Residential',1,'INNER CITY\n'),('KCA','DEVELOPING','KINCORA','NORTH','Residential',1,'2000s\n'),('KEL','BUILT-OUT','KELVIN GROVE','SOUTH','Residential',1,'1960s/1970s\n'),('KIL','BUILT-OUT','KILLARNEY/GLENGARRY','CENTRE','Residential',1,'1950s\n'),('KIN','BUILT-OUT','KINGSLAND','SOUTH','Residential',1,'1950s\n'),('KSH','DEVELOPING','KEYSTONE HILLS','NORTH','Residential',1,'BUILDING OUT\n'),('LEG','DEVELOPING','LEGACY','SOUTH','Residential',1,'BUILDING OUT\n'),('LIV','DEVELOPING','LIVINGSTON','NORTH','Residential',1,'BUILDING OUT\n'),('LKB','BUILT-OUT','LAKE BONAVISTA','SOUTH','Residential',1,'1960s/1970s\n'),('LKV','BUILT-OUT','LAKEVIEW','WEST','Residential',1,'1960s/1970s\n'),('LMR','BUILT-OUT','LOWER MOUNT ROYAL','CENTRE','Residential',1,'INNER CITY\n'),('LPK','BUILT-OUT','LINCOLN PARK','WEST','Residential',1,'1950s\n'),('MAC','BUILT-OUT','MACEWAN GLEN','NORTH','Residential',1,'1980s/1990s\n'),('MAF','BUILT-OUT','MAYFAIR','CENTRE','Residential',1,'1950s\n'),('MAH','DEVELOPING','MAHOGANY','SOUTHEAST','Residential',1,'BUILDING OUT\n'),('MAL','BUILT-OUT','MAYLAND HEIGHTS','NORTHEAST','Residential',1,'1960s/1970s\n'),('MAN','BUILT-OUT','MANCHESTER','CENTRE','Residential',1,'EMPLOYMENT\n'),('MCI','N/A','MCCALL','NORTHEAST','Industrial',2,'EMPLOYMENT\n'),('MCK','BUILT-OUT','MCKENZIE LAKE','SOUTHEAST','Residential',1,'1980s/1990s\n'),('MCT','DEVELOPING','MCKENZIE TOWNE','SOUTHEAST','Residential',1,'BUILDING OUT\n'),('MDH','BUILT-OUT','MEDICINE HILL','WEST','Residential',1,'2000s\n'),('MEA','BUILT-OUT','MEADOWLARK PARK','CENTRE','Residential',1,'1950s\n'),('MER','N/A','MERIDIAN','NORTHEAST','Industrial',2,'EMPLOYMENT\n'),('MID','BUILT-OUT','MIDNAPORE','SOUTH','Residential',1,'1960s/1970s\n'),('MIS','BUILT-OUT','MISSION','CENTRE','Residential',1,'INNER CITY\n'),('MLI','N/A','MAYLAND','NORTHEAST','Industrial',2,'EMPLOYMENT\n'),('MLR','BUILT-OUT','MILLRISE','SOUTH','Residential',1,'1980s/1990s\n'),('MNI','N/A','MANCHESTER INDUSTRIAL','CENTRE','Industrial',2,'EMPLOYMENT\n'),('MON','BUILT-OUT','MONTGOMERY','NORTHWEST','Residential',1,'1950s\n'),('MOP','BUILT-OUT','MOUNT PLEASANT','CENTRE','Residential',1,'INNER CITY\n'),('MOR','BUILT-OUT','MONTEREY PARK','NORTHEAST','Residential',1,'2000s\n'),('MPK','BUILT-OUT','MARLBOROUGH PARK','NORTHEAST','Residential',1,'1960s/1970s\n'),('MPL','BUILT-OUT','MAPLE RIDGE','SOUTH','Residential',1,'1960s/1970s\n'),('MRL','BUILT-OUT','MARLBOROUGH','NORTHEAST','Residential',1,'1960s/1970s\n'),('MRT','BUILT-OUT','MARTINDALE','NORTHEAST','Residential',1,'1980s/1990s\n'),('NAW','N/A','NORTH AIRWAYS','NORTHEAST','Industrial',2,'EMPLOYMENT\n'),('NEB','DEVELOPING','NEW BRIGHTON','SOUTHEAST','Residential',1,'BUILDING OUT\n'),('NGM','BUILT-OUT','NORTH GLENMORE PARK','WEST','Residential',1,'1950s\n'),('NHU','BUILT-OUT','NORTH HAVEN UPPER','NORTH','Residential',1,'1960s/1970s\n'),('NHV','BUILT-OUT','NORTH HAVEN','NORTH','Residential',1,'1960s/1970s\n'),('NOL','DEVELOPING','NOLAN HILL','NORTH','Residential',1,'BUILDING OUT\n'),('NPK','N/A','NOSE HILL PARK','NORTHWEST','Major Park',3,'PARKS\n'),('OAK','BUILT-OUT','OAKRIDGE','SOUTH','Residential',1,'1960s/1970s\n'),('OGD','BUILT-OUT','OGDEN','SOUTHEAST','Residential',1,'1950s\n'),('OSH','N/A','OGDEN SHOPS','EAST','Industrial',2,'EMPLOYMENT\n'),('PAL','BUILT-OUT','PALLISER','SOUTH','Residential',1,'1960s/1970s\n'),('PAN','DEVELOPING','PANORAMA HILLS','NORTH','Residential',1,'BUILDING OUT\n'),('PAT','BUILT-OUT','PATTERSON','WEST','Residential',1,'1980s/1990s\n'),('PCK','DEVELOPING','PINE CREEK','SOUTH','Residential',1,'BUILDING OUT\n'),('PEG','N/A','PEGASUS','NORTHEAST','Industrial',2,'EMPLOYMENT\n'),('PEN','BUILT-OUT','PENBROOKE MEADOWS','EAST','Residential',1,'1960s/1970s\n'),('PIN','BUILT-OUT','PINERIDGE','NORTHEAST','Residential',1,'1960s/1970s\n'),('PKD','BUILT-OUT','PARKDALE','CENTRE','Residential',1,'1950s\n'),('PKH','BUILT-OUT','PARKHILL','CENTRE','Residential',1,'1950s\n'),('PKL','BUILT-OUT','PARKLAND','SOUTH','Residential',1,'1960s/1970s\n'),('POI','BUILT-OUT','POINT MCKAY','CENTRE','Residential',1,'1960s/1970s\n'),('PUM','BUILT-OUT','PUMP HILL','SOUTH','Residential',1,'1960s/1970s\n'),('QLD','BUILT-OUT','QUEENSLAND','SOUTH','Residential',1,'1960s/1970s\n'),('QPK','BUILT-OUT','QUEENS PARK VILLAGE','CENTRE','Residential',1,'1950s\n'),('RAM','BUILT-OUT','RAMSAY','CENTRE','Residential',1,'INNER CITY\n'),('RAN','BUILT-OUT','RANCHLANDS','NORTHWEST','Residential',1,'1960s/1970s\n'),('RCK','BUILT-OUT','ROSSCARROCK','WEST','Residential',1,'1950s\n'),('RDL','BUILT-OUT','ROSEDALE','CENTRE','Residential',1,'INNER CITY\n'),('RED','BUILT-OUT','RED CARPET','EAST','Residential',1,'1960s/1970s\n'),('REN','BUILT-OUT','RENFREW','CENTRE','Residential',1,'INNER CITY\n'),('RIC','BUILT-OUT','RICHMOND','CENTRE','Residential',1,'1950s\n'),('RID','BUILT-OUT','RIDEAU PARK','CENTRE','Residential',1,'INNER CITY\n'),('RIV','BUILT-OUT','RIVERBEND','SOUTHEAST','Residential',1,'1980s/1990s\n'),('RMT','BUILT-OUT','ROSEMONT','CENTRE','Residential',1,'1950s\n'),('ROC','DEVELOPING','ROCKY RIDGE','NORTHWEST','Residential',1,'BUILDING OUT\n'),('ROX','BUILT-OUT','ROXBORO','CENTRE','Residential',1,'INNER CITY\n'),('ROY','BUILT-OUT','ROYAL OAK','NORTHWEST','Residential',1,'2000s\n'),('RSN','DEVELOPING','REDSTONE','NORTHEAST','Residential',1,'BUILDING OUT\n'),('RUN','BUILT-OUT','RUNDLE','NORTHEAST','Residential',1,'1960s/1970s\n'),('RUT','BUILT-OUT','RUTLAND PARK','WEST','Residential',1,'1950s\n'),('RVW','DEVELOPING','RANGEVIEW','SOUTHEAST','Residential',1,'BUILDING OUT\n'),('RYV','N/A','ROYAL VISTA','NORTHWEST','Industrial',2,'EMPLOYMENT\n'),('S23','N/A','SECTION 23','SOUTHEAST','Industrial',2,'EMPLOYMENT\n'),('SAD','DEVELOPING','SADDLE RIDGE','NORTHEAST','Residential',1,'2000s\n'),('SAN','BUILT-OUT','SANDSTONE VALLEY','NORTH','Residential',1,'1980s/1990s\n'),('SAW','N/A','SOUTH AIRWAYS','NORTHEAST','Industrial',2,'EMPLOYMENT\n'),('SCA','BUILT-OUT','SCARBORO','CENTRE','Residential',1,'INNER CITY\n'),('SCE','BUILT-OUT','SCENIC ACRES','NORTHWEST','Residential',1,'\n'),('SDC','BUILT-OUT','SUNDANCE','SOUTH','Residential',1,'1980s/1990s\n'),('SET','DEVELOPING','SETON','SOUTHEAST','Residential',1,'BUILDING OUT\n'),('SFH','N/A','SOUTH FOOTHILLS','SOUTHEAST','Industrial',2,'EMPLOYMENT\n'),('SGH','DEVELOPING','SAGE HILL','NORTH','Residential',1,'BUILDING OUT\n'),('SGL','N/A','STONEGATE LANDING','NORTHEAST','Industrial',2,'EMPLOYMENT\n'),('SHG','BUILT-OUT','SHAGANAPPI','CENTRE','Residential',1,'1950s\n'),('SHI','N/A','SHEPARD INDUSTRIAL','SOUTHEAST','Industrial',2,'EMPLOYMENT\n'),('SHN','BUILT-OUT','SHAWNESSY','SOUTH','Residential',1,'1980s/1990s\n'),('SHS','BUILT-OUT','SHAWNEE SLOPES','SOUTH','Residential',1,'1980s/1990s\n'),('SHW','DEVELOPING','SHERWOOD','NORTH','Residential',1,'2000s\n'),('SIG','BUILT-OUT','SIGNAL HILL','WEST','Residential',1,'1980s/1990s\n'),('SIL','BUILT-OUT','SILVER SPRINGS','NORTHWEST','Residential',1,'1960s/1970s\n'),('SKE','N/A','SKYLINE EAST','NORTHEAST','Industrial',2,'EMPLOYMENT\n'),('SKR','DEVELOPING','SKYVIEW RANCH','NORTHEAST','Residential',1,'2000s\n'),('SKW','N/A','SKYLINE WEST','NORTH','Industrial',2,'EMPLOYMENT\n'),('SNA','BUILT-OUT','SUNALTA','CENTRE','Residential',1,'INNER CITY\n'),('SOC','BUILT-OUT','SOUTH CALGARY','CENTRE','Residential',1,'INNER CITY\n'),('SOM','BUILT-OUT','SOMERSET','SOUTH','Residential',1,'1980s/1990s\n'),('SOV','BUILT-OUT','SOUTHVIEW','EAST','Residential',1,'1950s\n'),('SOW','BUILT-OUT','SOUTHWOOD','SOUTH','Residential',1,'1960s/1970s\n'),('SPH','DEVELOPING','SPRINGBANK HILL','WEST','Residential',1,'BUILDING OUT\n'),('SPR','BUILT-OUT','SPRUCE CLIFF','WEST','Residential',1,'1950s\n'),('SRI','N/A','SADDLE RIDGE INDUSTRIAL','NORTHEAST','Industrial',2,'EMPLOYMENT\n'),('SSD','BUILT-OUT','SUNNYSIDE','CENTRE','Residential',1,'INNER CITY\n'),('SSW','BUILT-OUT','SCARBORO/ SUNALTA WEST','CENTRE','Residential',1,'1950s\n'),('ST1','N/A','STONEY 1','NORTH','Industrial',2,'EMPLOYMENT\n'),('ST2','N/A','STONEY 2','NORTHEAST','Industrial',2,'EMPLOYMENT\n'),('ST3','N/A','STONEY 3','NORTHEAST','Industrial',2,'EMPLOYMENT\n'),('ST4','N/A','STONEY 4','NORTHEAST','Industrial',2,'EMPLOYMENT\n'),('STA','BUILT-OUT','ST. ANDREWS HEIGHTS','CENTRE','Residential',1,'1950s\n'),('STD','N/A','STARFIELD','EAST','Industrial',2,'EMPLOYMENT\n'),('STR','BUILT-OUT','STRATHCONA PARK','WEST','Residential',1,'1980s/1990s\n'),('SUN','N/A','SUNRIDGE','NORTHEAST','Industrial',2,'EMPLOYMENT\n'),('SVO','DEVELOPING','SILVERADO','SOUTH','Residential',1,'BUILDING OUT\n'),('TAR','DEVELOPING','TARADALE','NORTHEAST','Residential',1,'2000s\n'),('TEM','BUILT-OUT','TEMPLE','NORTHEAST','Residential',1,'1960s/1970s\n'),('THO','BUILT-OUT','THORNCLIFFE','NORTH','Residential',1,'1950s\n'),('TUS','BUILT-OUT','TUSCANY','NORTHWEST','Residential',1,'2000s\n'),('TUX','BUILT-OUT','TUXEDO PARK','CENTRE','Residential',1,'INNER CITY\n'),('UMR','BUILT-OUT','UPPER MOUNT ROYAL','CENTRE','Residential',1,'INNER CITY\n'),('UND','BUILT-OUT','UNIVERSITY DISTRICT','NORTHWEST','Residential',1,'OTHER\n'),('UNI','BUILT-OUT','UNIVERSITY HEIGHTS','NORTHWEST','Residential',1,'1960s/1970s\n'),('UOC','BUILT-OUT','UNIVERSITY OF CALGARY','NORTHWEST','Residential',1,'OTHER\n'),('VAF','N/A','VALLEYFIELD','EAST','Industrial',2,'EMPLOYMENT\n'),('VAL','BUILT-OUT','VALLEY RIDGE','WEST','Residential',1,'2000s\n'),('VAR','BUILT-OUT','VARSITY','NORTHWEST','Residential',1,'1960s/1970s\n'),('VIS','BUILT-OUT','VISTA HEIGHTS','NORTHEAST','Residential',1,'1960s/1970s\n'),('WAL','DEVELOPING','WALDEN','SOUTH','Residential',1,'BUILDING OUT\n'),('WBN','BUILT-OUT','WOODBINE','SOUTH','Residential',1,'1980s/1990s\n'),('WES','N/A','WESTWINDS','NORTHEAST','Industrial',2,'EMPLOYMENT\n'),('WGT','BUILT-OUT','WESTGATE','WEST','Residential',1,'1950s\n'),('WHI','BUILT-OUT','WHITEHORN','NORTHEAST','Residential',1,'1960s/1970s\n'),('WHL','BUILT-OUT','WEST HILLHURST','CENTRE','Residential',1,'INNER CITY\n'),('WIL','BUILT-OUT','WILLOW PARK','SOUTH','Residential',1,'1960s/1970s\n'),('WIN','BUILT-OUT','WINSTON HEIGHTS/MOUNTVIEW','CENTRE','Residential',1,'1950s\n'),('WLD','BUILT-OUT','WILDWOOD','WEST','Residential',1,'1950s\n'),('WND','BUILT-OUT','WINDSOR PARK','CENTRE','Residential',1,'1950s\n'),('WOO','BUILT-OUT','WOODLANDS','SOUTH','Residential',1,'1980s/1990s\n'),('WSP','DEVELOPING','WEST SPRINGS','WEST','Residential',1,'BUILDING OUT\n'),('WWO','DEVELOPING','WOLF WILLOW','SOUTH','Residential',1,'BUILDING OUT\n'),('YKV','DEVELOPING','YORKVILLE','SOUTH','Residential',1,'BUILDING OUT\n');
/*!40000 ALTER TABLE `community` ENABLE KEYS */;
UNLOCK TABLES;

--
-- Table structure for table `community_services`
--

DROP TABLE IF EXISTS `community_services`;
/*!40101 SET @saved_cs_client     = @@character_set_client */;
/*!50503 SET character_set_client = utf8mb4 */;
CREATE TABLE `community_services` (
  `service_id` int(11) NOT NULL AUTO_INCREMENT,
  `type` varchar(40) DEFAULT NULL,
  `name` varchar(60) DEFAULT NULL,
  `address` varchar(100) DEFAULT NULL,
  `longitude` double DEFAULT NULL,
  `latitude` double DEFAULT NULL,
  `location` varchar(60) DEFAULT NULL,
  `comm_code` varchar(3) DEFAULT NULL,
  PRIMARY KEY (`service_id`),
  KEY `comm_code` (`comm_code`),
  CONSTRAINT `community_services_ibfk_1` FOREIGN KEY (`comm_code`) REFERENCES `community` (`comm_code`)
) ENGINE=InnoDB AUTO_INCREMENT=445 DEFAULT CHARSET=utf8mb4 COLLATE=utf8mb4_0900_ai_ci;
/*!40101 SET character_set_client = @saved_cs_client */;

--
-- Dumping data for table `community_services`
--

LOCK TABLES `community_services` WRITE;
/*!40000 ALTER TABLE `community_services` DISABLE KEYS */;
INSERT INTO `community_services` VALUES (242,'Community Centre','Citadel Community Centre','860 CITADEL DR NW',-114.173519929223,51.1447228635033,NULL,'CIT'),(243,'Community Centre','Albert Park / Radisson Heights Community Centre','2636 12 AV SE',-113.998555666239,51.0421297552999,NULL,'ALB'),(244,'Community Centre','Copperfield & Mahogany Community Center','6 Copperstone Way SE',-113.932448292512,50.9148598268386,NULL,'CPF'),(245,'Visitor Info','Tourism Calgary Airport','2000 Airport RD NE',-114.009245690139,51.1313100716695,NULL,'CIA'),(246,'Hospital','Foothills Hospital','1403 - 29 ST NW',-114.132176604307,51.0641829371032,NULL,'STA'),(247,'Community Centre','Tuscany Community Centre','212 Tuscany Way NW',-114.245644615866,51.1245903809456,NULL,'TUS'),(248,'Library','Seton Library','4995 MARKET ST SE',-113.944179162354,50.8811889588482,NULL,'SET'),(249,'Community Centre','Glamorgan Community Centre','4207 41 AV SW',-114.145168985749,51.0173614721312,NULL,'GLA'),(250,'Community Centre','Whitehorn Community Centre','228 Whitehorn RD NE',-113.96694996869,51.0887886180013,NULL,'WHI'),(251,'Community Centre','Pineridge Community Centre','6024 Rundlehorn DR NE',-113.945255956987,51.0715669545622,NULL,'PIN'),(252,'Community Centre','Kingsland Community Centre','505 78 AV SW',-114.074017342596,50.9829574658903,NULL,'KIN'),(253,'Attraction','Bow Habitat Station','1440 17A ST SE',-114.017658425294,51.0419867277258,NULL,'ING'),(254,'Community Centre','Woodcreek Community Centre','1991 Woodview DR SW',-114.104870597285,50.9411118992058,NULL,'WOO'),(255,'Community Centre','McKenzie Lake Community Centre','16198 McKenzie Lake WY SE',-113.98356700065,50.9062786985697,NULL,'MCK'),(256,'Attraction','Glenbow Alberta Museum','130 9 AV SE',-114.061123695775,51.0447061010193,NULL,'DNC'),(257,'Community Centre','Lake Bonavista Downs Community Centre','1418 Lake Ontario RD SE',-114.031916274223,50.9418731488951,NULL,'BDO'),(258,'Community Centre','Highland Park Community Centre','3716 2 ST NW',-114.066241060509,51.0853217006015,NULL,'HPK'),(259,'Library','Crowfoot Library','8665 NOSE HILL DR NW',-114.192540540188,51.1308697377503,NULL,'ARB'),(260,'Attraction','Fish Creek Provincial Park (Bow Valley Ranch)','15979 Bow Bottom TR SE',-114.015107550249,50.9093385811083,NULL,'FPK'),(261,'Attraction','Canada\'s Sports Hall of Fame','169 Canada Olympic Road SW',-114.22199246541,51.0834605903754,NULL,'COP'),(262,'Community Centre','Beltline Victoria and Connaught Community Centre','1302 6 ST SE',-114.047957658382,51.0399966214606,NULL,'BLN'),(263,'Community Centre','Brentwood Community Centre','5107 33 ST NW',-114.137844810739,51.0975032477211,NULL,'BRE'),(264,'Community Centre','Scarboro Community Centre','1727 14 AV SW',-114.101184006274,51.040403419069,NULL,'SNA'),(265,'Attraction','Southern Alberta Jubilee Auditorium','1415 14 AV NW',-114.092244871715,51.0636062761414,NULL,'HIL'),(266,'Hospital','Alberta Children\'s Hospital','2888 Shaganappi Trail NW',-114.147957615112,51.0745598803388,NULL,'UOC'),(267,'Community Centre','Strathcona/Christie Park Community Centre','277 Strathcona DR SW',-114.179969429043,51.0472700802547,NULL,'STR'),(268,'Library','Louise Riley Library','1904 14 AV NW',-114.104348150476,51.0654571672452,NULL,'HOU'),(269,'Library','Fish Creek Library','11161 BONAVENTURE DR SE',-114.060911418729,50.9517180536444,NULL,'WIL'),(270,'Community Centre','Penbrooke Meadows Community Centre','6100 8 AV SE',-113.946329739266,51.0459088361041,NULL,'PEN'),(271,'Attraction','Calgary Firefighters Museum','4124 11 ST SE',-114.036577935169,51.0184669354582,NULL,'HIF'),(272,'Court','Federal Court of Appeal','635 8 AV SW',-114.075838073499,51.045639421326,NULL,'DNC'),(273,'Library','Quarry Park Library','108 Quarry Park RD SE',-114.006059420568,50.961587776673,NULL,'DDG'),(274,'Attraction','Scotiabank Saddledome','555 Saddledome RI SE',-114.051970372293,51.0374013318678,NULL,'BLN'),(275,'Community Centre','Hounsfield Heights/Briar Hill Community Centre','1922 14 AV NW',-114.104107593474,51.0662268958542,NULL,'HOU'),(276,'Community Centre','Mount Pleasant Community Centre','',-114.074335626666,51.0727585637151,NULL,'MOP'),(277,'Attraction','Devonian Gardens -  The CORE Shopping Centre','317 7 AV SW',-114.069058699527,51.0465346795119,NULL,'DNC'),(278,'Library','Shawnessy Library','333 SHAWVILLE BV SE',-114.06395702504,50.8980340345666,NULL,'SHN'),(280,'Library','Judith Umbach Library','6617 CENTRE ST N',-114.063967739382,51.111879817454,NULL,'HUN'),(281,'Court','Alberta Court of Queens Bench','# 604-N 601 5 ST SW',-114.074123212687,51.0469256036599,NULL,'DNC'),(282,'Hospital','Rockyview General Hospital','7007 - 14 ST SW',-114.096320699045,50.991828888017,NULL,'EAG'),(283,'Community Centre','Haysboro Community Centre','1204 89 AV SW',-114.087785746979,50.974745549855,NULL,'HAY'),(284,'Community Centre','Rosemont Community Centre','2807 10 ST NW',-114.086037506156,51.0767529623702,NULL,'CAP'),(285,'Court','Alberta Provincial Court (Rural)','# 401-S 601 5 ST SW',-114.074123212687,51.0469256036599,NULL,'DNC'),(286,'Attraction','Trans Canada Trail Pavillion','Bow River Pathway at 2 ST SW',-114.066132323908,51.0536705995803,NULL,'DNC'),(287,'PHS Clinic','Sheldon M. Chumir Health Centre','1213 - 4 ST SW',-114.072129561236,51.0411634415987,NULL,'BLN'),(288,'Community Centre','West Hillhurst Community Centre','1940 6 AV NW',-114.104610045727,51.0581807834655,NULL,'WHL'),(289,'PHS Clinic','South Calgary Health Centre','31 Sunpark Plaza SE',-114.058574974432,50.9025752725878,NULL,'SDC'),(290,'Community Centre','Parkhill/Stanley Park Community Centre','4013 Stanley RD SW',-114.064761595238,51.0184781753952,NULL,'PKH'),(291,'Attraction','Crossroads Market','1235 26 AV SE',-114.034663073089,51.0304693045591,NULL,'AYB'),(292,'Attraction','Eau Claire Market','200 Barclay PR SW',-114.067692533763,51.052932424346,NULL,'EAU'),(293,'Court','Alberta Court of Appeal','2600 450 1 ST SW',-114.064668088554,51.048721791746,NULL,'DNC'),(294,'Community Centre','Killarney/Glengarry Community Centre','2828 28 ST SW',-114.127682948402,51.0287192018986,NULL,'KIL'),(295,'Visitor Info','Calgary City Hall & Municipal Complex','800 Macleod TR SE',-114.057055571529,51.0453690442574,NULL,'DNC'),(296,'Library','Signal Hill Library','5994 SIGNAL HILL CT SW',-114.17536278617,51.0187998363522,NULL,'SIG'),(297,'Hospital','Peter Lougheed Medical Centre','3500 - 26 AV NE',-113.983943513823,51.079016349325,NULL,'SUN'),(298,'Community Centre','Hillhurst/Sunnyside Community Centre','1320 5 AV NW',-114.09251724219,51.0575416351206,NULL,'HIL'),(299,'Community Centre','Rosedale Community Centre','901 11 AV NW',-114.081434118398,51.0621528478754,NULL,'RDL'),(300,'Community Centre','Montgomery Community Centre','5003 - 16 AV NW',-114.165605799164,51.0716084928057,NULL,'MON'),(302,'Library','Sage Hill Library','19 SAGE HILL PS NW',-114.147102869025,51.1689113472161,NULL,'SGH'),(303,'Community Centre','Chaparral Residents Association','225 CHAPARRAL DR SE',-114.036419567155,50.8863625124006,NULL,'CHA'),(304,'Attraction','Grain Academy Museum','20 Roundup WY SE',-114.056995866899,51.0387851986812,NULL,'BLN'),(305,'Community Centre','Elbow Park Community Centre','800 34 AV SW',-114.082175493325,51.0234618813435,NULL,'EPK'),(307,'PHS Clinic','Thornhill Community Health Centre','6617 Centre ST NW',-114.063914594327,51.1121861933313,NULL,'HUN'),(308,'Community Centre','Falconridge/Castleridge Community Centre','95 Falshire DR NE',-113.946307977399,51.1045491547784,NULL,'FAL'),(309,'Community Centre','Inglewood Community Centre','1740 24 AV SE',-114.019517502184,51.0325181524392,NULL,'ING'),(310,'PHS Clinic','Acadia Community Health Centre','151 - 86 AV SE',-114.070940104391,50.97507203441,NULL,'ACA'),(311,'Hospital','South Health Campus','4448 FRONT ST SE',-113.951703811929,50.8821018511385,NULL,'SET'),(312,'Community Centre','Richmond/Knob Hill Community Centre','2433 26 AV SW',-114.117034822334,51.0299208196774,NULL,'RIC'),(313,'Community Centre','Thorncliffe/Greenview Community Centre','5600 Centre ST NE',-114.061612520891,51.1012062980333,NULL,'THO'),(314,'Community Centre','Highwood Community Centre','16 Harlow AV NW',-114.077351219788,51.0908118530671,NULL,'HIW'),(315,'Community Centre','Triwood Community Centre','2244 Chicoutimi DR NW',-114.111715364068,51.0863175067629,NULL,'CHW'),(316,'Community Centre','Windsor Park Community Centre','5304 6 ST SW',-114.078546712144,51.0064037143974,NULL,'WND'),(317,'Community Centre','Rosscarrock Community Centre','4411 10 AV SW',-114.150752866175,51.0427976493023,NULL,'RCK'),(318,'Community Centre','Elboya Heights Community Centre','416 Park AV SW',-114.072752046117,51.0153652583026,NULL,'EYA'),(319,'Community Centre','Shaganappi Community Centre','2608 14 AV SW',-114.118926310772,51.0399152539538,NULL,'SHG'),(320,'Community Centre','Renfrew Community Association','811 Radford RD NE',-114.044737908806,51.0601840208468,NULL,'REN'),(321,'Community Centre','Mid-Sun Community Centre','50 Midpark RI SE',-114.056625204542,50.915437688872,NULL,'MID'),(322,'Library','Saddletowne Library','7556 FALCONRIDGE BV NE',-113.94782479993,51.1202880966521,NULL,'MRT'),(323,'Attraction','Calgary Stampeders Football - McMahon Stadium','1817 Crowchild TR NW',-114.118207930079,51.070405019435,NULL,'UOC'),(324,'Library','Rocky Ridge Library','11300 ROCKY RIDGE RD NW',-114.231221313141,51.1570480243987,NULL,'01K'),(325,'Attraction','Calgary City Hall & Municipal Complex','800 Macleod TR SE',-114.057927215638,51.0453997047025,NULL,'DNC'),(326,'Community Centre','Meadowlark Park Community Centre','623 58 AV SW',-114.077814613771,51.0010764902497,NULL,'MEA'),(327,'Community Centre','Huntington Hills Community Centre','520 78 AV NW',-114.07227849946,51.1237267564228,NULL,'HUN'),(328,'Community Centre','Winston Heights/Mountview Community Centre','520 27 AV NE',-114.052120589058,51.0773604702246,NULL,'WIN'),(329,'Community Centre','Westgate Community Centre','4943 8 AV SW',-114.157897343932,51.0446330725315,NULL,'WGT'),(330,'Community Centre','Rutland Park Community Centre','3130 40 AV SW',-114.135265947514,51.0183877438431,NULL,'RUT'),(331,'Community Centre','Glenbrook Community Centre','3524 45 ST SW',-114.152085653938,51.0229857234291,NULL,'GBK'),(332,'Community Centre','Bankview Community Centre','2418 17 ST SW',-114.101497104863,51.0325231293644,NULL,'BNK'),(333,'Community Centre','Ranchlands Community Centre','7713 Ranchview DR NW',-114.179510732673,51.1195951451754,NULL,'RAN'),(334,'Social Dev Ctr','East Area','1011 52 ST SE',-113.958691320273,51.0428637228617,NULL,'FLN'),(335,'Court','Alberta Provincial Court (Criminal)','# 402-S 601 5 ST SW',-114.074123212687,51.0469256036599,NULL,'DNC'),(336,'Community Centre','Dalhousie Community Centre','5432 Dalhart RD NW',-114.159716142934,51.1128488379008,NULL,'DAL'),(337,'Community Centre','Crossroads Community Centre','1803 14 AV NE',-114.019130042951,51.0651630249336,NULL,'MAL'),(338,'PHS Clinic','Shaganappi Complex Health Centre','3415 - 8 AV SW',-114.136841893712,51.0448871241096,NULL,'SPR'),(339,'Attraction','Calgary Chinese Cultural Centre','197 1 ST SW',-114.065303706563,51.0512846546802,NULL,'CHN'),(340,'Community Centre','Braeside Community Centre','11024 Braeside DR SW',-114.102036401801,50.95434611068,NULL,'BRA'),(341,'Community Centre','Capitol Hill Community Centre','1531 21 AV NW',-114.096458624868,51.0712756627003,NULL,'CAP'),(342,'Community Centre','Lakeview Community Centre','6110 34 ST SW',-114.136177403624,50.998359742341,NULL,'LKV'),(343,'Community Centre','Chinook Park/Kelvin Grove/Eagle Ridge Community Centre','1015 73 AV SW',-114.084947740027,50.98759577417,NULL,'KEL'),(344,'Community Centre','Southview Community Centre','2020 33 ST SE',-113.987988455236,51.0333215361942,NULL,'SOV'),(345,'Community Centre','St. Andrews Heights Community Centre','2504 13 AV NW',-114.121360970423,51.0640409871189,NULL,'STA'),(346,'PHS Clinic','East Calgary Health Centre','4715 8 AV SE',-113.967220085566,51.0450485402752,NULL,'FLN'),(347,'PHS Clinic','Northwest Community Health Centre','109 1829 Ranchlands BV NW',-114.197161520879,51.1233335522583,NULL,'RAN'),(348,'Library','Country Hills Library','11950 Country Village Link NE',-114.064751314218,51.1569306051829,NULL,'CHV'),(349,'Library','Nicholls Family Library','1421 33 ST SW',-114.135822728766,51.0404113676839,NULL,'RCK'),(350,'Community Centre','Wildwood Community Centre','4411 Spruce DR SW',-114.150880148745,51.0518863503765,NULL,'WLD'),(351,'Library','Nose Hill Library','1530 NORTHMOUNT DR NW',-114.138834684966,51.0965429124468,NULL,'BRE'),(352,'Community Centre','Arbour Lake Community Centre','12 Arbour Lake DR NW',-114.202577018573,51.1330936900986,NULL,'ARB'),(353,'Community Centre','Glendale/Glendale Meadows Community Centre','2405 Glenmount DR SW',-114.149817830341,51.0329980912996,NULL,'GDL'),(354,'Community Centre','Silver Springs Community Centre','5720 Silver Ridge DR NW',-114.192530101468,51.1046521376289,NULL,'SIL'),(355,'Court','Alberta Provincial Court (Civil)','# 606-S 601 5 ST SW',-114.074123212687,51.0469256036599,NULL,'DNC'),(356,'Court','Alberta Provincial Court (Family)','# 704-N 601 5 ST SW',-114.074123212687,51.0469256036599,NULL,'DNC'),(357,'Library','Village Square Library','2623 56 ST NE',-113.954554391912,51.0753875206159,NULL,'PIN'),(358,'Attraction','Inglewood Bird Sanctuary','2425 9 AV SE',-114.00874237514,51.0300957932969,NULL,'ING'),(359,'Community Centre','Fairview Community Centre','8038 Fairmount DR SE',-114.058689993552,50.982517632887,NULL,'FAI'),(360,'Community Centre','Oakridge Community Centre','9504 Oakfield DR SW',-114.131995228101,50.968766426043,NULL,'OAK'),(361,'Community Centre','Parkland Community Centre','505 Parkvalley RD SE',-114.026245878198,50.9180279952265,NULL,'PKL'),(362,'Community Centre','Dover Community Centre','3033 30 AV SE',-113.989090154976,51.0267130050214,NULL,'DOV'),(363,'Attraction','Nickle Arts Museum (University of Calgary)','410 University CO NW',-114.129813172284,51.0774524553307,NULL,'UOC'),(364,'Social Dev Ctr','North Area','905 30 AV NW',-114.079256532942,51.0798229863009,NULL,'MOP'),(365,'Social Dev Ctr','Forest Lawn','3810 17 AV SE',-113.979648754442,51.0379404373516,NULL,'FLN'),(366,'Community Centre','Monterey Park Community Centre','2707 Catalina BV NE',-113.930884670166,51.0763542527811,NULL,'MOR'),(367,'Attraction','Olympic Plaza','228 8 AV SE',-114.058418694814,51.0462451331955,NULL,'DNC'),(368,'Library','Giuffre Family Library','3223 14 ST SW',-114.095503447711,51.0254458197411,NULL,'SOC'),(369,'Community Centre','Saddle Ridge Community Centre','7614 42 ST NE',-113.972858979981,51.1208434387806,NULL,'SRI'),(370,'Community Centre','Canyon Meadows Community Centre','848 Cantabrian DR SW',-114.078844640539,50.9462137346422,NULL,'CAN'),(371,'Social Dev Ctr','South Area','502 HERITAGE DR SW',-114.074350860913,50.9831370507058,NULL,'KIN'),(372,'Attraction','Aero Space Museum of Calgary','4629 McCall WY NE',-114.01181998844,51.0940139254542,NULL,'PEG'),(373,'Visitor Info','Tourism Calgary Tower','101 9 AV SW',-114.063068971651,51.0443324511161,NULL,'DNC'),(375,'Community Centre','Riverbend Community Centre','19 Rivervalley DR SE',-114.016385393219,50.9724535826797,NULL,'RIV'),(376,'Community Centre','Calgary Marlborough Community Centre','636 Marlborough WY NE',-113.97428871268,51.0582661000614,NULL,'MRL'),(377,'Community Centre','Shawnessy Community Centre','224 Shawmeadows RD SW',-114.075157382964,50.9067090106086,NULL,'SHN'),(378,'Community Centre','Cedarbrae Community Centre','11024 Oakfield DR SW',-114.129881014656,50.9545475196074,NULL,'CED'),(379,'Library','Bowness Library','7930 BOWNESS RD NW',-114.200294784029,51.089619800008,NULL,'BOW'),(380,'Attraction','Telus Convention Centre','120 9 AV SE',-114.061819298202,51.0447259351066,NULL,'DNC'),(381,'PHS Clinic','Village Square Community Health Centre','2623 - 56 ST NE',-113.953555695144,51.0755389279621,NULL,'PIN'),(382,'Community Centre','Marlborough Park Community Centre','6021 Madigan DR NE',-113.942486943028,51.0600450440598,NULL,'MPK'),(383,'Attraction','Calaway Park','Springbank RD & Trans Canada HWY',-114.268742500579,51.0886010372475,NULL,'VAL'),(384,'Community Centre','Erin Woods Community Centre','83 Erin Park DR SE',-113.963737517268,51.0228956348101,NULL,'ERI'),(385,'Community Centre','Deer Run Community Centre','2223 146 AV SE',-114.007941653351,50.9217553720522,NULL,'DRN'),(386,'Community Centre','Bridgeland / Riverside Community Centre','917 Centre Av NE',-114.039941982081,51.0500740429286,NULL,'BRD'),(387,'Community Centre','Willow Park / Mapleridge Community Centre','680 Acadia DR SE',-114.043339081006,50.9598927282439,NULL,'MPL'),(388,'Community Centre','Southwood Community Centre','11 Sackville DR SW',-114.086593098679,50.9567837161647,NULL,'SOW'),(389,'Community Centre','Sunalta Community Centre','1627 10 AV SW',-114.098334336263,51.0441743502419,NULL,'SNA'),(390,'Community Centre','Queensland / Diamond Cove Community Centre','649 Queensland DR SE',-114.021663092359,50.9396008059039,NULL,'QLD'),(391,'Attraction','Calgary Stampede Park','1410 Olympic WY SE',-114.056995866899,51.0387851986812,NULL,'BLN'),(392,'Community Centre','Abbeydale Community Centre','821 Abbeydale DR NE',-113.932022498127,51.0596129101565,NULL,'ABB'),(393,'Community Centre','Banff Trail Community Centre','2115 20 AV NW',-114.108921820513,51.0703032397536,NULL,'BNF'),(394,'Community Centre','Crescent Heights Community Centre','1101 2 ST NW',-114.067985124182,51.061944081244,NULL,'CRE'),(395,'Attraction','WinSport\'s Canada Olympic Park','88 Canada Olympic RD SW',-114.215406892576,51.0823997026064,NULL,'COP'),(396,'Visitor Info','Tourism Calgary Central Office','200 238 11 AV SW',-114.067521188697,51.0427491978594,NULL,'BLN'),(397,'Attraction','Tsuu T\'ina Culture Museum','3700 Anderson RD SW',-114.138873031161,50.9504787941015,NULL,'CED'),(398,'Community Centre','Ramsay Community Centre','1136 8 ST SE',-114.041142984293,51.0384257714874,NULL,'RAM'),(399,'Attraction','Arts Commons','205 8 AV SE',-114.060055542122,51.0453421839633,NULL,'DNC'),(400,'Library','Southwood Library','924 SOUTHLAND DR SW',-114.086179976426,50.9635865579852,NULL,'SOW'),(401,'Community Centre','Lake Bonavista Community Centre','1401 Acadia DR SW',-114.049211839324,50.9369456047232,NULL,'LKB'),(402,'Community Centre','Spruce Cliff Community Centre','3375 Spruce DR SW',-114.136329892108,51.0475037446284,NULL,'SPR'),(403,'Attraction','Triangle Art Gallery','#104 800 Macleod TR SE',-114.057500558362,51.0450758265091,NULL,'DNC'),(404,'Attraction','Calgary Tower','101 9 AV SW',-114.063112588574,51.0444802376885,NULL,'DNC'),(405,'Court','Alberta Provincial Court (Traffic)','# 203-S 601 5 ST SW',-114.074123212687,51.0469256036599,NULL,'DNC'),(406,'Attraction','Shaw Millenium Park','1220 9 AV SW',-114.090927339045,51.0463376166241,NULL,'DNW'),(407,'Community Centre','Acadia Community Centre','240 90 AV SE',-114.065142563977,50.9731704633922,NULL,'ACA'),(408,'Attraction','Heritage Park Historical Village','1900 Heritage Dr SW',-114.108243824824,50.9848337011359,NULL,'GPK'),(409,'Community Centre','Scenic Acres Community Centre','8825 Scurfield DR NW',-114.214764356103,51.1217081691822,NULL,'SCE'),(410,'Attraction','Calgary Chamber of Commerce','237 8 Ave SE',-114.063233289448,51.0476327816124,NULL,'DNC'),(411,'Community Centre','Tuxedo Park Community Centre','202 29 AV NE',-114.059640144061,51.0789177185881,NULL,'TUX'),(412,'Attraction','The Military Museums','4520 Crowchild TR SW',-114.114555749518,51.0135042595683,NULL,'ALT'),(413,'Visitor Info','Calgary Chamber of Commerce','600 237 8 AV SE',-114.05836753988,51.0451849276814,NULL,'DNC'),(414,'Community Centre','Beddington Heights Community Centre','375 Bermuda DR NW',-114.085172476751,51.1316434849805,NULL,'BED'),(415,'Community Centre','Cambrian Heights Community Centre','600 Northmount DR NW',-114.087381999418,51.0868287558476,NULL,'CAM'),(416,'Community Centre','Mount Royal Community Centre','2317 10 ST SW',-114.086056778657,51.0317347745017,NULL,'UMR'),(417,'Community Centre','North Glenmore Park Community Centre','2231 Longridge DR SW',-114.112060374884,50.9981173940099,NULL,'NGM'),(418,'Social Dev Ctr','Bowmont','5000 BOWNESS RD NW',-114.164955148952,51.0755251086443,NULL,'MON'),(419,'Library','Central Library','800 3 ST SE',-114.055175360171,51.0455117528139,NULL,'DNC'),(420,'Attraction','Fish Creek Provincial Park (Learning Centre)','13931 Woodpath RD SW',-114.132096218318,50.9276003079094,NULL,'FPK'),(421,'Community Centre','Edgemont Community Centre','33 Edgevalley CI NW',-114.14417148715,51.1284869299477,NULL,'EDG'),(422,'Community Centre','Parkdale Community Centre','3512 5 AV NW',-114.136806890665,51.0605147520499,NULL,'PKD'),(423,'Community Centre','North Haven Community Centre','5003 North Haven DR NW',-114.086623189878,51.0990977260929,NULL,'NHV'),(424,'Community Centre','Millican/Ogden/Lynnwood Community Centre','6901 20A ST SE',-114.010851362522,50.9914713595786,NULL,'OGD'),(425,'Community Centre','Varsity Community Centre','4303 Varsity DR NW',-114.149233848822,51.091982801746,NULL,'VAR'),(426,'Community Centre','Rundle Community Centre','2409 50 ST NE',-113.961998619495,51.0746713171438,NULL,'RUN'),(427,'Court','Alberta Provincial Court (Youth)','# 201-N 601 5 ST SW',-114.074123212687,51.0469256036599,NULL,'DNC'),(428,'Attraction','Rocky Mountaineer Rail Tours','115 9 AV SW',-114.06245018497,51.0440870651577,NULL,'DNC'),(429,'Library','Forest Lawn Branch','4807 8 AV SE',-113.965283886095,51.0448055847474,NULL,'FLN'),(430,'Community Centre','Temple Community Centre','167 Templegreen RD NE',-113.944853945052,51.0874093418892,NULL,'TEM'),(431,'Attraction','TELUS Spark  Centre','220 ST GEORGES DR NE',-114.024584666074,51.053840244229,NULL,'REN'),(432,'Community Centre','Coach Hill/Patterson Heights Community Centre','60 Patterson BV SW',-114.177846631527,51.0613808546056,NULL,'PAT'),(433,'Attraction','Contemporary Calgary Art Gallery','117 8 AV SW',-114.064165131227,51.0454608041471,NULL,'DNC'),(434,'Community Centre','Cliffe Bungalow/Mission Community Association','2201 Cliff ST SW',-114.076084582419,51.0333614300102,NULL,'CLI'),(435,'Social Dev Ctr','Thornhill','6617 CENTRE ST NW',-114.063332454925,51.1121012793757,NULL,'HUN'),(436,'Community Centre','Forest Lawn Community Centre','4020 26 AV SE',-113.9768195697,51.030819795352,NULL,'FLN'),(437,'Community Centre','South Calgary Community Centre','3130 16 ST SW',-114.098309380275,51.0259947219856,NULL,'SOC'),(438,'Attraction','Fort Calgary','750 9 AV SE',-114.045188348899,51.0440587967929,NULL,'DNE'),(439,'Community Centre','Forest Heights/ Fonda Community Centre','4909 Forego AV SE',-113.963016974925,51.0492163000285,NULL,'FHT'),(440,'Community Centre','Bowness / Greenwood / Greenbriar Community Centre','7904 43 AV NW',-114.200855837586,51.0916625355368,NULL,'BOW'),(441,'Social Dev Ctr','Bridgeland Place','736 MCDOUGALL CO NE',-114.046321939189,51.0499506959126,NULL,'BRD'),(442,'PHS Clinic','North Hill Community Health Centre','1527 19 ST NW',-114.106507091151,51.0653215926787,NULL,'HOU'),(443,'Library','Memorial Park Library','1221 2 ST SW',-114.069059613784,51.0411090039314,NULL,'BLN'),(444,'Attraction','Olympic Oval - University of Calgary','188 University CO NW',-114.135688388384,51.0770333100886,NULL,'UOC');
/*!40000 ALTER TABLE `community_services` ENABLE KEYS */;
UNLOCK TABLES;

--
-- Table structure for table `ward`
--

DROP TABLE IF EXISTS `ward`;
/*!40101 SET @saved_cs_client     = @@character_set_client */;
/*!50503 SET character_set_client = utf8mb4 */;
CREATE TABLE `ward` (
  `ward_number` int(11) NOT NULL,
  PRIMARY KEY (`ward_number`)
) ENGINE=InnoDB DEFAULT CHARSET=utf8mb4 COLLATE=utf8mb4_0900_ai_ci;
/*!40101 SET character_set_client = @saved_cs_client */;

--
-- Dumping data for table `ward`
--

LOCK TABLES `ward` WRITE;
/*!40000 ALTER TABLE `ward` DISABLE KEYS */;
INSERT INTO `ward` VALUES (1),(2),(3),(4),(5),(6),(7),(8),(9),(10),(11),(12),(13),(14);
/*!40000 ALTER TABLE `ward` ENABLE KEYS */;
UNLOCK TABLES;

--
-- Table structure for table `wardcommunity`
--

DROP TABLE IF EXISTS `wardcommunity`;
/*!40101 SET @saved_cs_client     = @@character_set_client */;
/*!50503 SET character_set_client = utf8mb4 */;
CREATE TABLE `wardcommunity` (
  `ward_number` int(11) NOT NULL,
  `comm_code` varchar(3) NOT NULL,
  PRIMARY KEY (`ward_number`,`comm_code`),
  KEY `comm_code` (`comm_code`),
  CONSTRAINT `wardcommunity_ibfk_1` FOREIGN KEY (`ward_number`) REFERENCES `ward` (`ward_number`),
  CONSTRAINT `wardcommunity_ibfk_2` FOREIGN KEY (`comm_code`) REFERENCES `community` (`comm_code`)
) ENGINE=InnoDB DEFAULT CHARSET=utf8mb4 COLLATE=utf8mb4_0900_ai_ci;
/*!40101 SET character_set_client = @saved_cs_client */;

--
-- Dumping data for table `wardcommunity`
--

LOCK TABLES `wardcommunity` WRITE;
/*!40000 ALTER TABLE `wardcommunity` DISABLE KEYS */;
INSERT INTO `wardcommunity` VALUES (1,'01B'),(1,'01C'),(1,'01F'),(1,'01H'),(1,'01I'),(1,'01K'),(2,'02B'),(2,'02C'),(2,'02E'),(2,'02F'),(2,'02K'),(2,'02L'),(3,'03D'),(3,'03W'),(5,'05D'),(5,'05E'),(5,'05F'),(5,'05G'),(6,'06A'),(6,'06B'),(6,'06C'),(9,'09D'),(9,'09H'),(9,'09K'),(9,'09O'),(9,'09P'),(9,'09Q'),(10,'10D'),(10,'10E'),(12,'12A'),(12,'12B'),(12,'12C'),(12,'12I'),(12,'12J'),(12,'12K'),(12,'12L'),(13,'13A'),(13,'13B'),(13,'13C'),(13,'13D'),(13,'13E'),(13,'13F'),(13,'13G'),(13,'13H'),(13,'13I'),(13,'13J'),(13,'13L'),(13,'13M'),(10,'ABB'),(3,'ABP'),(11,'ACA'),(9,'ALB'),(8,'ALT'),(9,'APP'),(2,'ARB'),(6,'ASP'),(12,'AUB'),(9,'AYB'),(14,'BDO'),(4,'BED'),(11,'BEL'),(13,'BLM'),(11,'BLN'),(7,'BNF'),(8,'BNK'),(1,'BOW'),(11,'BRA'),(9,'BRD'),(4,'BRE'),(13,'BRI'),(11,'BRT'),(9,'BUR'),(9,'BVD'),(11,'BYV'),(4,'CAM'),(13,'CAN'),(7,'CAP'),(3,'CAR'),(5,'CAS'),(11,'CED'),(6,'CGR'),(14,'CHA'),(11,'CHK'),(7,'CHN'),(6,'CHR'),(3,'CHV'),(4,'CHW'),(5,'CIA'),(2,'CIT'),(8,'CLI'),(5,'CNS'),(6,'COA'),(4,'COL'),(6,'COP'),(10,'COR'),(3,'COU'),(3,'COV'),(12,'CPF'),(12,'CRA'),(7,'CRE'),(1,'CRM'),(5,'CSC'),(8,'CUR'),(4,'DAL'),(5,'DBC'),(14,'DDG'),(14,'DIA'),(6,'DIS'),(7,'DNC'),(7,'DNE'),(8,'DNW'),(9,'DOV'),(14,'DRG'),(14,'DRN'),(11,'EAG'),(7,'EAU'),(4,'EDG'),(9,'EFI'),(11,'EFV'),(11,'EPK'),(9,'ERI'),(11,'ERL'),(12,'ESH'),(13,'EVE'),(2,'EVN'),(11,'EYA'),(9,'FAI'),(5,'FAL'),(9,'FHI'),(9,'FHT'),(9,'FLI'),(9,'FLN'),(14,'FPK'),(10,'FRA'),(9,'FVI'),(8,'GAG'),(8,'GAW'),(6,'GBK'),(9,'GBP'),(6,'GDL'),(6,'GLA'),(9,'GPI'),(11,'GPK'),(1,'GRE'),(4,'GRI'),(4,'GRV'),(9,'GTI'),(2,'HAM'),(3,'HAR'),(2,'HAW'),(11,'HAY'),(3,'HID'),(9,'HIF'),(7,'HIL'),(4,'HIW'),(12,'HKS'),(10,'HOR'),(7,'HOU'),(4,'HPK'),(5,'HSD'),(1,'HSN'),(4,'HUN'),(9,'ING'),(2,'KCA'),(11,'KEL'),(8,'KIL'),(11,'KIN'),(3,'KSH'),(14,'LEG'),(3,'LIV'),(14,'LKB'),(11,'LKV'),(8,'LMR'),(8,'LPK'),(4,'MAC'),(11,'MAF'),(12,'MAH'),(10,'MAL'),(9,'MAN'),(10,'MCI'),(14,'MCK'),(12,'MCT'),(6,'MDH'),(11,'MEA'),(10,'MER'),(14,'MID'),(11,'MIS'),(10,'MLI'),(13,'MLR'),(9,'MNI'),(7,'MON'),(7,'MOP'),(10,'MOR'),(10,'MPK'),(11,'MPL'),(10,'MRL'),(5,'MRT'),(10,'NAW'),(12,'NEB'),(11,'NGM'),(4,'NHU'),(4,'NHV'),(2,'NOL'),(4,'NPK'),(11,'OAK'),(9,'OGD'),(9,'OSH'),(11,'PAL'),(3,'PAN'),(6,'PAT'),(13,'PCK'),(5,'PEG'),(9,'PEN'),(10,'PIN'),(7,'PKD'),(11,'PKH'),(14,'PKL'),(7,'POI'),(11,'PUM'),(14,'QLD'),(4,'QPK'),(9,'RAM'),(2,'RAN'),(8,'RCK'),(7,'RDL'),(9,'RED'),(9,'REN'),(8,'RIC'),(11,'RID'),(12,'RIV'),(4,'RMT'),(1,'ROC'),(11,'ROX'),(1,'ROY'),(5,'RSN'),(10,'RUN'),(8,'RUT'),(12,'RVW'),(1,'RYV'),(12,'S23'),(5,'SAD'),(4,'SAN'),(10,'SAW'),(8,'SCA'),(1,'SCE'),(14,'SDC'),(12,'SET'),(12,'SFH'),(2,'SGH'),(5,'SGL'),(8,'SHG'),(12,'SHI'),(13,'SHN'),(13,'SHS'),(2,'SHW'),(6,'SIG'),(1,'SIL'),(5,'SKE'),(5,'SKR'),(4,'SKW'),(8,'SNA'),(8,'SOC'),(13,'SOM'),(9,'SOV'),(11,'SOW'),(6,'SPH'),(8,'SPR'),(5,'SRI'),(7,'SSD'),(8,'SSW'),(3,'ST1'),(5,'ST2'),(5,'ST3'),(5,'ST4'),(7,'STA'),(9,'STD'),(6,'STR'),(10,'SUN'),(13,'SVO'),(5,'TAR'),(10,'TEM'),(4,'THO'),(1,'TUS'),(7,'TUX'),(8,'UMR'),(7,'UND'),(7,'UNI'),(7,'UOC'),(9,'VAF'),(1,'VAL'),(1,'VAR'),(10,'VIS'),(14,'WAL'),(13,'WBN'),(5,'WES'),(6,'WGT'),(10,'WHI'),(7,'WHL'),(11,'WIL'),(7,'WIN'),(8,'WLD'),(11,'WND'),(13,'WOO'),(6,'WSP'),(14,'WWO'),(13,'YKV');
/*!40000 ALTER TABLE `wardcommunity` ENABLE KEYS */;
UNLOCK TABLES;
/*!40103 SET TIME_ZONE=@OLD_TIME_ZONE */;

/*!40101 SET SQL_MODE=@OLD_SQL_MODE */;
/*!40014 SET FOREIGN_KEY_CHECKS=@OLD_FOREIGN_KEY_CHECKS */;
/*!40014 SET UNIQUE_CHECKS=@OLD_UNIQUE_CHECKS */;
/*!40101 SET CHARACTER_SET_CLIENT=@OLD_CHARACTER_SET_CLIENT */;
/*!40101 SET CHARACTER_SET_RESULTS=@OLD_CHARACTER_SET_RESULTS */;
/*!40101 SET COLLATION_CONNECTION=@OLD_COLLATION_CONNECTION */;
/*!40111 SET SQL_NOTES=@OLD_SQL_NOTES */;

-- Dump completed on 2019-11-05  0:27:07
